-- phpMyAdmin SQL Dump
-- version 4.2.12deb2+deb8u1build0.15.04.1
-- http://www.phpmyadmin.net
--
-- Host: localhost
-- Generation Time: Jan 31, 2016 at 07:18 PM
-- Server version: 5.6.27-0ubuntu0.15.04.1
-- PHP Version: 5.6.4-4ubuntu6.4

SET SQL_MODE = "NO_AUTO_VALUE_ON_ZERO";
SET time_zone = "+00:00";


/*!40101 SET @OLD_CHARACTER_SET_CLIENT=@@CHARACTER_SET_CLIENT */;
/*!40101 SET @OLD_CHARACTER_SET_RESULTS=@@CHARACTER_SET_RESULTS */;
/*!40101 SET @OLD_COLLATION_CONNECTION=@@COLLATION_CONNECTION */;
/*!40101 SET NAMES utf8 */;

--
-- Database: `eatery`
--

-- --------------------------------------------------------

--
-- Table structure for table `aspect`
--

CREATE TABLE IF NOT EXISTS `aspect` (
  `aspect_id` int(11) NOT NULL,
  `aspect_name` varchar(50) NOT NULL,
  `aspect_tag` varchar(50) NOT NULL,
  `level` int(11) NOT NULL,
  `parent_aspect` int(11) NOT NULL
) ENGINE=InnoDB DEFAULT CHARSET=latin1;

--
-- Dumping data for table `aspect`
--

INSERT INTO `aspect` (`aspect_id`, `aspect_name`, `aspect_tag`, `level`, `parent_aspect`) VALUES
(3, 'Ambience', 'Ambience', 1, 0),
(36, 'Decor', 'A_Decor', 2, 3),
(38, 'Entertainment', 'A_Entertainment', 2, 3),
(46, 'LiveShow', 'A_Ent_LiveShow', 3, 38),
(45, 'Music', 'A_Ent_Music', 3, 38),
(47, 'Tv', 'A_Ent_Tv', 3, 38),
(39, 'Environment', 'A_Environment', 2, 3),
(50, 'Air Condition', 'A_Env_AC', 3, 39),
(48, 'Environment Size', 'A_Env_Size', 3, 39),
(49, 'Environment Type', 'A_Env_Type', 3, 39),
(37, 'Furniture', 'A_Furniture', 2, 3),
(44, 'Door', 'A_Fur_Door', 3, 37),
(43, 'Table', 'A_Fur_Table', 3, 37),
(42, 'LocatedArea', 'A_LocatedArea', 2, 3),
(41, 'OutsideView', 'A_OutsideView', 2, 3),
(40, 'Places', 'A_Places', 2, 3),
(54, 'Bar', 'A_Plc_Bar', 3, 40),
(51, 'Bathroom', 'A_Plc_Bathroom', 3, 40),
(53, 'Buffet', 'A_Plc_Buffet', 3, 40),
(56, 'DiningRoom', 'A_Plc_DiningRoom', 3, 40),
(58, 'Kitchen', 'A_Plc_Kitchen', 3, 40),
(55, 'Patio', 'A_Plc_Patio', 3, 40),
(57, 'RestRoom', 'A_Plc_RestRoom', 3, 40),
(52, 'SmokingArea', 'A_Plc_SmokingArea', 3, 40),
(1, 'Food', 'Food', 1, 0),
(7, 'Appetizer', 'F_Appetizer', 2, 1),
(8, 'Dessert', 'F_Dessert', 2, 1),
(9, 'Drinks', 'F_Drinks', 2, 1),
(16, 'CookingLevel', 'F_FI_CookingLevel', 3, 10),
(15, 'Healthy', 'F_FI_Healthy', 3, 10),
(13, 'Price', 'F_FI_Price', 3, 10),
(14, 'Quality', 'F_FI_Quality', 3, 10),
(18, 'Religious', 'F_FI_Religious', 3, 10),
(17, 'Size', 'F_FI_Size', 3, 10),
(12, 'Taste', 'F_FI_Taste', 3, 10),
(10, 'FoodItem', 'F_FoodItem', 2, 1),
(11, 'Ingredients', 'F_Ingredients', 2, 1),
(4, 'Offers', 'Offers', 1, 0),
(68, 'Opinion', 'Opinion', 1, 0),
(6, 'Others', 'Others', 1, 0),
(63, 'Experience', 'O_Experience', 2, 6),
(66, 'Stars By Customers', 'O_Exp_StarsByCus', 3, 63),
(62, 'Payment', 'O_Payment', 2, 6),
(64, 'Payment Method', 'O_Pay_Method', 3, 62),
(65, 'Price', 'O_Pay_Price', 3, 62),
(61, 'Reservation', 'O_Reservation', 2, 6),
(67, 'Restaurant', 'Restaurant', 1, 0),
(2, 'Service', 'Service', 1, 0),
(25, 'Accessibility', 'S_Accessibility', 2, 2),
(28, 'Cutlery', 'S_Cutlery', 2, 2),
(27, 'Delivery', 'S_Delivery', 2, 2),
(35, 'Ordering Method', 'S_Del_OrderingMethod', 3, 27),
(34, 'Delivery Time', 'S_Del_Time', 3, 27),
(23, 'Gift', 'S_Gift', 2, 2),
(19, 'Menu', 'S_Menu', 2, 2),
(20, 'OpenHours', 'S_OpenHours', 2, 2),
(21, 'Parking', 'S_Parking', 2, 2),
(24, 'PetsAllowed', 'S_PetsAllowed', 2, 2),
(29, 'Seating', 'S_Seating', 2, 2),
(22, 'Staff', 'S_Staff', 2, 2),
(33, 'Appearance', 'S_Stf_Appearance', 3, 22),
(32, 'Availability', 'S_Stf_Availability', 3, 22),
(30, 'Behavior', 'S_Stf_Behavior', 3, 22),
(31, 'Experience', 'S_Stf_Experience', 3, 22),
(26, 'Wifi', 'S_Wifi', 2, 2),
(5, 'Worthiness', 'Worthiness', 1, 0),
(59, 'Price', 'W_Price', 2, 5),
(60, 'Waiting', 'W_Waiting', 2, 5);

-- --------------------------------------------------------

--
-- Table structure for table `business`
--

CREATE TABLE IF NOT EXISTS `business` (
  `business_id` varchar(45) NOT NULL,
  `name` varchar(200) DEFAULT NULL,
  `type` varchar(45) DEFAULT NULL,
  `city` varchar(45) DEFAULT NULL,
  `state` varchar(45) DEFAULT NULL,
  `stars` float DEFAULT NULL
) ENGINE=InnoDB DEFAULT CHARSET=latin1;

--
-- Dumping data for table `business`
--

INSERT INTO `business` (`business_id`, `name`, `type`, `city`, `state`, `stars`) VALUES
('2e2e7WgqU1BnpxmQL5jbfw', 'Restaurant_1', 'review', '', '', 2),
('4bEjOyTaDG24SY5TxsaUNQ', 'Restaurant_2', 'review', '', '', 5),
('8buIr1zBCO7OEcAQSZko7w', 'Restaurant_3', 'review', '', '', 3),
('BqrTtox0JbG-P_DKBB5bBw', 'Restaurant_4', 'review', '', '', 2),
('CZjcFdvJhksq9dy58NVEzw', 'Restaurant_5', 'review', '', '', 4),
('DjOxXobyGDwWt89q4z1twg', 'Restaurant_6', 'review', '', '', 5),
('DO3Gk17RyJVW7zYMCtYPnw', 'Restaurant_7', 'review', '', '', 3),
('e5kc0CQ4R-PCCDgb274gSg', 'Restaurant_8', NULL, NULL, NULL, NULL),
('eq6lQI039SBLC6sHm3idGA', 'Restaurant_9', 'review', '', '', 5),
('fSs0EdKmLJ7VULejtsi9CQ', 'Restaurant_10', 'review', '', '', 1),
('JokKtdXU7zXHcr20Lrk29A', 'Restaurant_11', 'review', '', '', 5),
('LCeF1wK5OqP3PPEVBa5Xfw', 'Restaurant_12', 'review', '', '', 2),
('lliksv-tglfUz1T3B3vgvA', 'Restaurant_13', 'review', '', '', 5),
('QbmcCE_cLq4WO8ZMKImaLw', 'Restaurant_14', 'review', '', '', 5),
('rBPQuQgTcMtUq5-RYhY2uQ', 'Restaurant_15', 'review', '', '', 5),
('SDwYQ6eSu1htn8vHWv128g', 'Restaurant_16', NULL, NULL, NULL, NULL),
('tFU2Js_nbIZOrnKfYJYBBg', 'Restaurant_17', 'review', '', '', 4),
('vxxMqBaAHuWdx4impsLSSA', 'Restaurant_18', 'review', '', '', 5),
('xfwRO04KbAPw_zRotCfWQQ', 'Restaurant_19', 'review', '', '', 4),
('Xhg93cMdemu5pAMkDoEdtQ', 'Restaurant_20', 'review', '', '', 2),
('xyTJYlbE_MLouK6rCou6zg', 'Restaurant_21', 'review', '', '', 5),
('YNQgak-ZLtYJQxlDwN-qIg', 'Restaurant_22', 'review', '', '', 4),
('YrIfgzLj0DPStJ1ESAS_Qg', 'Restaurant_23', 'review', '', '', 4),
('zt1TpTuJ6y9n551sw9TaEg', 'Restaurant_24', 'review', '', '', 4);

-- --------------------------------------------------------

--
-- Table structure for table `composite_score`
--

CREATE TABLE IF NOT EXISTS `composite_score` (
  `business_id` varchar(100) NOT NULL,
  `aspect_id` int(11) NOT NULL,
  `composite_score` double NOT NULL
) ENGINE=InnoDB DEFAULT CHARSET=latin1;

--
-- Dumping data for table `composite_score`
--

INSERT INTO `composite_score` (`business_id`, `aspect_id`, `composite_score`) VALUES
('2e2e7WgqU1BnpxmQL5jbfw', 1, 1.7070242282605412),
('2e2e7WgqU1BnpxmQL5jbfw', 2, 2.515639060492858),
('2e2e7WgqU1BnpxmQL5jbfw', 3, 2.719957461141343),
('2e2e7WgqU1BnpxmQL5jbfw', 4, 2.7744726746563932),
('2e2e7WgqU1BnpxmQL5jbfw', 5, 3.1429111834316243),
('2e2e7WgqU1BnpxmQL5jbfw', 6, 0),
('2e2e7WgqU1BnpxmQL5jbfw', 10, 1.083442728383488),
('2e2e7WgqU1BnpxmQL5jbfw', 22, 2.474295007198882),
('2e2e7WgqU1BnpxmQL5jbfw', 27, 2.3328569365076564),
('2e2e7WgqU1BnpxmQL5jbfw', 37, 2.70310274233699),
('2e2e7WgqU1BnpxmQL5jbfw', 38, 2.4527448455416767),
('2e2e7WgqU1BnpxmQL5jbfw', 39, 2.8817035354437186),
('2e2e7WgqU1BnpxmQL5jbfw', 40, 2.804636399318756),
('2e2e7WgqU1BnpxmQL5jbfw', 42, 2.6518134327142593),
('2e2e7WgqU1BnpxmQL5jbfw', 61, 2.8817035354437186),
('2e2e7WgqU1BnpxmQL5jbfw', 62, 2.8002514935560625),
('2e2e7WgqU1BnpxmQL5jbfw', 63, 2.4441209253414264),
('2e2e7WgqU1BnpxmQL5jbfw', 67, 2.0012243112580466),
('4bEjOyTaDG24SY5TxsaUNQ', 1, 1.8304943444956976),
('4bEjOyTaDG24SY5TxsaUNQ', 2, 2.356644696172052),
('4bEjOyTaDG24SY5TxsaUNQ', 3, 2.7951308741302237),
('4bEjOyTaDG24SY5TxsaUNQ', 4, 2.3203887992932875),
('4bEjOyTaDG24SY5TxsaUNQ', 5, 3.0535396301799027),
('4bEjOyTaDG24SY5TxsaUNQ', 6, 0),
('4bEjOyTaDG24SY5TxsaUNQ', 10, 1.5290810188823687),
('4bEjOyTaDG24SY5TxsaUNQ', 22, 2.0053132550382577),
('4bEjOyTaDG24SY5TxsaUNQ', 27, 2.30944926134779),
('4bEjOyTaDG24SY5TxsaUNQ', 37, 2.429393229709574),
('4bEjOyTaDG24SY5TxsaUNQ', 38, 2.5371117912587375),
('4bEjOyTaDG24SY5TxsaUNQ', 39, 3.5111331291678063),
('4bEjOyTaDG24SY5TxsaUNQ', 40, 2.7525012948239382),
('4bEjOyTaDG24SY5TxsaUNQ', 42, 3.1707453972100974),
('4bEjOyTaDG24SY5TxsaUNQ', 61, 2.7466391910340606),
('4bEjOyTaDG24SY5TxsaUNQ', 62, 1.8113139723819467),
('4bEjOyTaDG24SY5TxsaUNQ', 63, 2.504979894609874),
('4bEjOyTaDG24SY5TxsaUNQ', 67, 2.048075926020178),
('8buIr1zBCO7OEcAQSZko7w', 1, 1.9752914138126865),
('8buIr1zBCO7OEcAQSZko7w', 2, 2.4570639547606095),
('8buIr1zBCO7OEcAQSZko7w', 3, 2.787500639415624),
('8buIr1zBCO7OEcAQSZko7w', 4, 2.486990640202441),
('8buIr1zBCO7OEcAQSZko7w', 5, 3.01927248479165),
('8buIr1zBCO7OEcAQSZko7w', 6, 0),
('8buIr1zBCO7OEcAQSZko7w', 10, 1.7147014485997172),
('8buIr1zBCO7OEcAQSZko7w', 22, 2.36196054578072),
('8buIr1zBCO7OEcAQSZko7w', 27, 2.2748782249840636),
('8buIr1zBCO7OEcAQSZko7w', 37, 2.33197082430264),
('8buIr1zBCO7OEcAQSZko7w', 38, 2.5725208588976667),
('8buIr1zBCO7OEcAQSZko7w', 39, 3.379810873775199),
('8buIr1zBCO7OEcAQSZko7w', 40, 2.757109330948855),
('8buIr1zBCO7OEcAQSZko7w', 42, 2.811313972381947),
('8buIr1zBCO7OEcAQSZko7w', 61, 3.068560976431886),
('8buIr1zBCO7OEcAQSZko7w', 62, 2.1978886972485623),
('8buIr1zBCO7OEcAQSZko7w', 63, 2.5226645155735365),
('8buIr1zBCO7OEcAQSZko7w', 67, 2.1865645032547785),
('BqrTtox0JbG-P_DKBB5bBw', 1, 1.9453991230436396),
('BqrTtox0JbG-P_DKBB5bBw', 2, 2.287533736024278),
('BqrTtox0JbG-P_DKBB5bBw', 3, 2.719872607369564),
('BqrTtox0JbG-P_DKBB5bBw', 4, 2.417686980652717),
('BqrTtox0JbG-P_DKBB5bBw', 5, 3.0425601948452954),
('BqrTtox0JbG-P_DKBB5bBw', 6, 0),
('BqrTtox0JbG-P_DKBB5bBw', 10, 1.5316426437029138),
('BqrTtox0JbG-P_DKBB5bBw', 22, 2.0117050169398185),
('BqrTtox0JbG-P_DKBB5bBw', 27, 2.287967776454801),
('BqrTtox0JbG-P_DKBB5bBw', 37, 2.739133171142272),
('BqrTtox0JbG-P_DKBB5bBw', 38, 2.5319529239942895),
('BqrTtox0JbG-P_DKBB5bBw', 39, 2.900890216494278),
('BqrTtox0JbG-P_DKBB5bBw', 40, 2.7084589852940497),
('BqrTtox0JbG-P_DKBB5bBw', 42, 2.349416522936422),
('BqrTtox0JbG-P_DKBB5bBw', 61, 2.055918695751068),
('BqrTtox0JbG-P_DKBB5bBw', 62, 2.658493191454248),
('BqrTtox0JbG-P_DKBB5bBw', 63, 2.4136394547361477),
('BqrTtox0JbG-P_DKBB5bBw', 67, 2.137082812030451),
('CZjcFdvJhksq9dy58NVEzw', 1, 1.775260860204344),
('CZjcFdvJhksq9dy58NVEzw', 2, 2.6418753577227245),
('CZjcFdvJhksq9dy58NVEzw', 3, 2.483796743387734),
('CZjcFdvJhksq9dy58NVEzw', 4, 2.0825039001936734),
('CZjcFdvJhksq9dy58NVEzw', 5, 2.855650824599784),
('CZjcFdvJhksq9dy58NVEzw', 6, 0),
('CZjcFdvJhksq9dy58NVEzw', 10, 1.5464058466023722),
('CZjcFdvJhksq9dy58NVEzw', 22, 2.515428476848329),
('CZjcFdvJhksq9dy58NVEzw', 27, 2.4349924948442094),
('CZjcFdvJhksq9dy58NVEzw', 37, 2.247880806409765),
('CZjcFdvJhksq9dy58NVEzw', 38, 2.5312220305818958),
('CZjcFdvJhksq9dy58NVEzw', 39, 2.3817035354437186),
('CZjcFdvJhksq9dy58NVEzw', 40, 2.6863539008275534),
('CZjcFdvJhksq9dy58NVEzw', 42, 1.902),
('CZjcFdvJhksq9dy58NVEzw', 61, 0),
('CZjcFdvJhksq9dy58NVEzw', 62, 1.994605879827835),
('CZjcFdvJhksq9dy58NVEzw', 63, 2.2065647080810966),
('CZjcFdvJhksq9dy58NVEzw', 67, 2.038367845512584),
('DjOxXobyGDwWt89q4z1twg', 1, 2.4744900762491437),
('DjOxXobyGDwWt89q4z1twg', 2, 2.723835587430257),
('DjOxXobyGDwWt89q4z1twg', 3, 2.5314116690580124),
('DjOxXobyGDwWt89q4z1twg', 4, 2.7970215951778),
('DjOxXobyGDwWt89q4z1twg', 5, 3.143779458846845),
('DjOxXobyGDwWt89q4z1twg', 6, 0),
('DjOxXobyGDwWt89q4z1twg', 10, 2.213885633565937),
('DjOxXobyGDwWt89q4z1twg', 22, 2.587003894452174),
('DjOxXobyGDwWt89q4z1twg', 27, 2.5742500243118163),
('DjOxXobyGDwWt89q4z1twg', 37, 2.7123430885854334),
('DjOxXobyGDwWt89q4z1twg', 38, 0),
('DjOxXobyGDwWt89q4z1twg', 39, 1.9020000000000001),
('DjOxXobyGDwWt89q4z1twg', 40, 2.6717030062743468),
('DjOxXobyGDwWt89q4z1twg', 42, 2.5312220305818958),
('DjOxXobyGDwWt89q4z1twg', 61, 2.475268815434378),
('DjOxXobyGDwWt89q4z1twg', 62, 2.5957636442594367),
('DjOxXobyGDwWt89q4z1twg', 63, 3.006385403172649),
('DjOxXobyGDwWt89q4z1twg', 67, 2.4988528065075037),
('DO3Gk17RyJVW7zYMCtYPnw', 1, 1.8491096655788553),
('DO3Gk17RyJVW7zYMCtYPnw', 2, 2.323199685655937),
('DO3Gk17RyJVW7zYMCtYPnw', 3, 2.8511703730364073),
('DO3Gk17RyJVW7zYMCtYPnw', 4, 2.3831623032152005),
('DO3Gk17RyJVW7zYMCtYPnw', 5, 3.0755970806151303),
('DO3Gk17RyJVW7zYMCtYPnw', 6, 0),
('DO3Gk17RyJVW7zYMCtYPnw', 10, 1.5821048776747304),
('DO3Gk17RyJVW7zYMCtYPnw', 22, 2.076865287519906),
('DO3Gk17RyJVW7zYMCtYPnw', 27, 2.2819366106691454),
('DO3Gk17RyJVW7zYMCtYPnw', 37, 2.524094044744357),
('DO3Gk17RyJVW7zYMCtYPnw', 38, 2.5295407929367397),
('DO3Gk17RyJVW7zYMCtYPnw', 39, 3.239885400953376),
('DO3Gk17RyJVW7zYMCtYPnw', 40, 2.7457852646351486),
('DO3Gk17RyJVW7zYMCtYPnw', 42, 2.5312220305818958),
('DO3Gk17RyJVW7zYMCtYPnw', 61, 2.638511385622417),
('DO3Gk17RyJVW7zYMCtYPnw', 62, 2.1958388431272464),
('DO3Gk17RyJVW7zYMCtYPnw', 63, 2.3371848708453697),
('DO3Gk17RyJVW7zYMCtYPnw', 67, 2.063699318207171),
('e5kc0CQ4R-PCCDgb274gSg', 1, 0),
('e5kc0CQ4R-PCCDgb274gSg', 2, 0),
('e5kc0CQ4R-PCCDgb274gSg', 3, 0),
('e5kc0CQ4R-PCCDgb274gSg', 4, 0),
('e5kc0CQ4R-PCCDgb274gSg', 5, 0),
('e5kc0CQ4R-PCCDgb274gSg', 6, 0),
('e5kc0CQ4R-PCCDgb274gSg', 10, 0),
('e5kc0CQ4R-PCCDgb274gSg', 22, 0),
('e5kc0CQ4R-PCCDgb274gSg', 27, 0),
('e5kc0CQ4R-PCCDgb274gSg', 37, 0),
('e5kc0CQ4R-PCCDgb274gSg', 38, 0),
('e5kc0CQ4R-PCCDgb274gSg', 39, 0),
('e5kc0CQ4R-PCCDgb274gSg', 40, 0),
('e5kc0CQ4R-PCCDgb274gSg', 42, 0),
('e5kc0CQ4R-PCCDgb274gSg', 61, 0),
('e5kc0CQ4R-PCCDgb274gSg', 62, 0),
('e5kc0CQ4R-PCCDgb274gSg', 63, 0),
('e5kc0CQ4R-PCCDgb274gSg', 67, 0),
('eq6lQI039SBLC6sHm3idGA', 1, 2.329156745033808),
('eq6lQI039SBLC6sHm3idGA', 2, 2.77564364643156),
('eq6lQI039SBLC6sHm3idGA', 3, 2.5673974296523316),
('eq6lQI039SBLC6sHm3idGA', 4, 2.976638822537407),
('eq6lQI039SBLC6sHm3idGA', 5, 3.240457267843298),
('eq6lQI039SBLC6sHm3idGA', 6, 0),
('eq6lQI039SBLC6sHm3idGA', 10, 2.0557650329894637),
('eq6lQI039SBLC6sHm3idGA', 22, 2.5582470327538522),
('eq6lQI039SBLC6sHm3idGA', 27, 2.55487955247093),
('eq6lQI039SBLC6sHm3idGA', 37, 2.6392210256777755),
('eq6lQI039SBLC6sHm3idGA', 38, 2.3728000093660135),
('eq6lQI039SBLC6sHm3idGA', 39, 0),
('eq6lQI039SBLC6sHm3idGA', 40, 2.6496313158659492),
('eq6lQI039SBLC6sHm3idGA', 42, 2.425251493556062),
('eq6lQI039SBLC6sHm3idGA', 61, 2.3817035354437186),
('eq6lQI039SBLC6sHm3idGA', 62, 2.8645553639152292),
('eq6lQI039SBLC6sHm3idGA', 63, 3.1886220049361165),
('eq6lQI039SBLC6sHm3idGA', 67, 2.4513917380432053),
('fSs0EdKmLJ7VULejtsi9CQ', 1, 2.1121818546112205),
('fSs0EdKmLJ7VULejtsi9CQ', 2, 2.517074708608543),
('fSs0EdKmLJ7VULejtsi9CQ', 3, 2.9169215576747907),
('fSs0EdKmLJ7VULejtsi9CQ', 4, 2.3806841760446855),
('fSs0EdKmLJ7VULejtsi9CQ', 5, 3.4011852005442074),
('fSs0EdKmLJ7VULejtsi9CQ', 6, 0),
('fSs0EdKmLJ7VULejtsi9CQ', 10, 1.7419124196732125),
('fSs0EdKmLJ7VULejtsi9CQ', 22, 2.431345313287097),
('fSs0EdKmLJ7VULejtsi9CQ', 27, 2.35539691806092),
('fSs0EdKmLJ7VULejtsi9CQ', 37, 2.849416522936422),
('fSs0EdKmLJ7VULejtsi9CQ', 38, 2.3817035354437186),
('fSs0EdKmLJ7VULejtsi9CQ', 39, 3.6357062859901417),
('fSs0EdKmLJ7VULejtsi9CQ', 40, 2.8682131576309158),
('fSs0EdKmLJ7VULejtsi9CQ', 42, 2.902),
('fSs0EdKmLJ7VULejtsi9CQ', 61, 3.3689973417753336),
('fSs0EdKmLJ7VULejtsi9CQ', 62, 1.9020000000000001),
('fSs0EdKmLJ7VULejtsi9CQ', 63, 2.733271216282543),
('fSs0EdKmLJ7VULejtsi9CQ', 67, 2.320421930196867),
('JokKtdXU7zXHcr20Lrk29A', 1, 2.479113404533507),
('JokKtdXU7zXHcr20Lrk29A', 2, 2.6885104483558924),
('JokKtdXU7zXHcr20Lrk29A', 3, 3.034243606387252),
('JokKtdXU7zXHcr20Lrk29A', 4, 2.705774840609288),
('JokKtdXU7zXHcr20Lrk29A', 5, 3.582699541769071),
('JokKtdXU7zXHcr20Lrk29A', 6, 0),
('JokKtdXU7zXHcr20Lrk29A', 10, 2.343578024817661),
('JokKtdXU7zXHcr20Lrk29A', 22, 2.5208638383169353),
('JokKtdXU7zXHcr20Lrk29A', 27, 2.5799354042045),
('JokKtdXU7zXHcr20Lrk29A', 37, 2.602267915545735),
('JokKtdXU7zXHcr20Lrk29A', 38, 3.0813144787736273),
('JokKtdXU7zXHcr20Lrk29A', 39, 3.3453346609387227),
('JokKtdXU7zXHcr20Lrk29A', 40, 2.9080315597390975),
('JokKtdXU7zXHcr20Lrk29A', 42, 3.1564135725263265),
('JokKtdXU7zXHcr20Lrk29A', 61, 2.539401995147578),
('JokKtdXU7zXHcr20Lrk29A', 62, 0),
('JokKtdXU7zXHcr20Lrk29A', 63, 2.695933484547693),
('JokKtdXU7zXHcr20Lrk29A', 67, 2.5721798305425447),
('LCeF1wK5OqP3PPEVBa5Xfw', 1, 2.0064290587585307),
('LCeF1wK5OqP3PPEVBa5Xfw', 2, 2.4268413613069537),
('LCeF1wK5OqP3PPEVBa5Xfw', 3, 2.934122066716113),
('LCeF1wK5OqP3PPEVBa5Xfw', 4, 2.567899523151023),
('LCeF1wK5OqP3PPEVBa5Xfw', 5, 3.435502907881376),
('LCeF1wK5OqP3PPEVBa5Xfw', 6, 0),
('LCeF1wK5OqP3PPEVBa5Xfw', 10, 1.682270555885967),
('LCeF1wK5OqP3PPEVBa5Xfw', 22, 2.2878889965581055),
('LCeF1wK5OqP3PPEVBa5Xfw', 27, 2.1450766400831123),
('LCeF1wK5OqP3PPEVBa5Xfw', 37, 2.463352316730966),
('LCeF1wK5OqP3PPEVBa5Xfw', 38, 2.902),
('LCeF1wK5OqP3PPEVBa5Xfw', 39, 3.8645553639152292),
('LCeF1wK5OqP3PPEVBa5Xfw', 40, 2.775050948326507),
('LCeF1wK5OqP3PPEVBa5Xfw', 42, 3.099416522936422),
('LCeF1wK5OqP3PPEVBa5Xfw', 61, 2.8164588112767857),
('LCeF1wK5OqP3PPEVBa5Xfw', 62, 2.3817035354437186),
('LCeF1wK5OqP3PPEVBa5Xfw', 63, 2.6148594923200097),
('LCeF1wK5OqP3PPEVBa5Xfw', 67, 2.2248640812761358),
('lliksv-tglfUz1T3B3vgvA', 1, 2.120982228928484),
('lliksv-tglfUz1T3B3vgvA', 2, 2.597289052586893),
('lliksv-tglfUz1T3B3vgvA', 3, 2.510087461933143),
('lliksv-tglfUz1T3B3vgvA', 4, 2.3192971457104936),
('lliksv-tglfUz1T3B3vgvA', 5, 2.8786079224878796),
('lliksv-tglfUz1T3B3vgvA', 6, 0),
('lliksv-tglfUz1T3B3vgvA', 10, 1.9162342371860481),
('lliksv-tglfUz1T3B3vgvA', 22, 2.5588856601366063),
('lliksv-tglfUz1T3B3vgvA', 27, 2.2697288326435143),
('lliksv-tglfUz1T3B3vgvA', 37, 2.656787533029878),
('lliksv-tglfUz1T3B3vgvA', 38, 0.902),
('lliksv-tglfUz1T3B3vgvA', 39, 2.849416522936422),
('lliksv-tglfUz1T3B3vgvA', 40, 3.082793424760398),
('lliksv-tglfUz1T3B3vgvA', 42, 2.7702799552997432),
('lliksv-tglfUz1T3B3vgvA', 61, 2.5742923170418024),
('lliksv-tglfUz1T3B3vgvA', 62, 0),
('lliksv-tglfUz1T3B3vgvA', 63, 2.380222165342733),
('lliksv-tglfUz1T3B3vgvA', 67, 2.2515972645685234),
('QbmcCE_cLq4WO8ZMKImaLw', 1, 1.9081489093993205),
('QbmcCE_cLq4WO8ZMKImaLw', 2, 2.3668329255697294),
('QbmcCE_cLq4WO8ZMKImaLw', 3, 2.6828369681519995),
('QbmcCE_cLq4WO8ZMKImaLw', 4, 2.53009391720999),
('QbmcCE_cLq4WO8ZMKImaLw', 5, 3.238083510143201),
('QbmcCE_cLq4WO8ZMKImaLw', 6, 0),
('QbmcCE_cLq4WO8ZMKImaLw', 10, 1.6178579183027266),
('QbmcCE_cLq4WO8ZMKImaLw', 22, 2.3103449853404325),
('QbmcCE_cLq4WO8ZMKImaLw', 27, 2.164975886297803),
('QbmcCE_cLq4WO8ZMKImaLw', 37, 2.254541319388974),
('QbmcCE_cLq4WO8ZMKImaLw', 38, 2.569678081537573),
('QbmcCE_cLq4WO8ZMKImaLw', 39, 3.2357062859901418),
('QbmcCE_cLq4WO8ZMKImaLw', 40, 2.6340506533614185),
('QbmcCE_cLq4WO8ZMKImaLw', 42, 2.427237908488855),
('QbmcCE_cLq4WO8ZMKImaLw', 61, 2.782896615026986),
('QbmcCE_cLq4WO8ZMKImaLw', 62, 2.053330723909218),
('QbmcCE_cLq4WO8ZMKImaLw', 63, 2.896342643668129),
('QbmcCE_cLq4WO8ZMKImaLw', 67, 2.1044753260937084),
('rBPQuQgTcMtUq5-RYhY2uQ', 1, 1.945099997847294),
('rBPQuQgTcMtUq5-RYhY2uQ', 2, 2.4248381405414685),
('rBPQuQgTcMtUq5-RYhY2uQ', 3, 2.7275145346409877),
('rBPQuQgTcMtUq5-RYhY2uQ', 4, 2.7625783885180346),
('rBPQuQgTcMtUq5-RYhY2uQ', 5, 3.0542963807056864),
('rBPQuQgTcMtUq5-RYhY2uQ', 6, 0),
('rBPQuQgTcMtUq5-RYhY2uQ', 10, 1.7588908338112532),
('rBPQuQgTcMtUq5-RYhY2uQ', 22, 2.1588332941807633),
('rBPQuQgTcMtUq5-RYhY2uQ', 27, 2.0945967481277528),
('rBPQuQgTcMtUq5-RYhY2uQ', 37, 2.4314426937970115),
('rBPQuQgTcMtUq5-RYhY2uQ', 38, 2.099416522936422),
('rBPQuQgTcMtUq5-RYhY2uQ', 39, 2.8817035354437186),
('rBPQuQgTcMtUq5-RYhY2uQ', 40, 3.3478495567438036),
('rBPQuQgTcMtUq5-RYhY2uQ', 42, 1.902),
('rBPQuQgTcMtUq5-RYhY2uQ', 61, 2.902),
('rBPQuQgTcMtUq5-RYhY2uQ', 62, 2.9897469058596595),
('rBPQuQgTcMtUq5-RYhY2uQ', 63, 2.6384546649689757),
('rBPQuQgTcMtUq5-RYhY2uQ', 67, 2.1800094741634255),
('SDwYQ6eSu1htn8vHWv128g', 1, 0),
('SDwYQ6eSu1htn8vHWv128g', 2, 0),
('SDwYQ6eSu1htn8vHWv128g', 3, 0),
('SDwYQ6eSu1htn8vHWv128g', 4, 0),
('SDwYQ6eSu1htn8vHWv128g', 5, 0),
('SDwYQ6eSu1htn8vHWv128g', 6, 0),
('SDwYQ6eSu1htn8vHWv128g', 10, 0),
('SDwYQ6eSu1htn8vHWv128g', 22, 0),
('SDwYQ6eSu1htn8vHWv128g', 27, 0),
('SDwYQ6eSu1htn8vHWv128g', 37, 0),
('SDwYQ6eSu1htn8vHWv128g', 38, 0),
('SDwYQ6eSu1htn8vHWv128g', 39, 0),
('SDwYQ6eSu1htn8vHWv128g', 40, 0),
('SDwYQ6eSu1htn8vHWv128g', 42, 0),
('SDwYQ6eSu1htn8vHWv128g', 61, 0),
('SDwYQ6eSu1htn8vHWv128g', 62, 0),
('SDwYQ6eSu1htn8vHWv128g', 63, 0),
('SDwYQ6eSu1htn8vHWv128g', 67, 0),
('tFU2Js_nbIZOrnKfYJYBBg', 1, 1.7330303523806336),
('tFU2Js_nbIZOrnKfYJYBBg', 2, 2.218966843722176),
('tFU2Js_nbIZOrnKfYJYBBg', 3, 2.7397847334581105),
('tFU2Js_nbIZOrnKfYJYBBg', 4, 2.562612807632551),
('tFU2Js_nbIZOrnKfYJYBBg', 5, 2.7076636789543564),
('tFU2Js_nbIZOrnKfYJYBBg', 6, 0),
('tFU2Js_nbIZOrnKfYJYBBg', 10, 1.4379212192046298),
('tFU2Js_nbIZOrnKfYJYBBg', 22, 2.073327340070672),
('tFU2Js_nbIZOrnKfYJYBBg', 27, 2.127575643740342),
('tFU2Js_nbIZOrnKfYJYBBg', 37, 2.3092790156912253),
('tFU2Js_nbIZOrnKfYJYBBg', 38, 2.4945363023744735),
('tFU2Js_nbIZOrnKfYJYBBg', 39, 3.224825409845198),
('tFU2Js_nbIZOrnKfYJYBBg', 40, 2.6579692697534187),
('tFU2Js_nbIZOrnKfYJYBBg', 42, 2.7356012488790684),
('tFU2Js_nbIZOrnKfYJYBBg', 61, 2.6433154045004565),
('tFU2Js_nbIZOrnKfYJYBBg', 62, 2.6016274635905976),
('tFU2Js_nbIZOrnKfYJYBBg', 63, 2.5239573675058615),
('tFU2Js_nbIZOrnKfYJYBBg', 67, 1.987716520527197),
('vxxMqBaAHuWdx4impsLSSA', 1, 1.9496085878327032),
('vxxMqBaAHuWdx4impsLSSA', 2, 2.5535035251068923),
('vxxMqBaAHuWdx4impsLSSA', 3, 2.7710374528666892),
('vxxMqBaAHuWdx4impsLSSA', 4, 2.6469591547527993),
('vxxMqBaAHuWdx4impsLSSA', 5, 2.8910527191786435),
('vxxMqBaAHuWdx4impsLSSA', 6, 0),
('vxxMqBaAHuWdx4impsLSSA', 10, 1.755436814186593),
('vxxMqBaAHuWdx4impsLSSA', 22, 2.2771834025164783),
('vxxMqBaAHuWdx4impsLSSA', 27, 2.424119120802029),
('vxxMqBaAHuWdx4impsLSSA', 37, 2.456983616591865),
('vxxMqBaAHuWdx4impsLSSA', 38, 2.6754041173090926),
('vxxMqBaAHuWdx4impsLSSA', 39, 2.8357062859901414),
('vxxMqBaAHuWdx4impsLSSA', 40, 2.7305342221503373),
('vxxMqBaAHuWdx4impsLSSA', 42, 2.6564135725263265),
('vxxMqBaAHuWdx4impsLSSA', 61, 2.0030873199075026),
('vxxMqBaAHuWdx4impsLSSA', 62, 2.6213503841204053),
('vxxMqBaAHuWdx4impsLSSA', 63, 2.731238995420405),
('vxxMqBaAHuWdx4impsLSSA', 67, 2.166265717013014),
('xfwRO04KbAPw_zRotCfWQQ', 1, 1.9498752377171966),
('xfwRO04KbAPw_zRotCfWQQ', 2, 2.3842666173618636),
('xfwRO04KbAPw_zRotCfWQQ', 3, 2.5683410089546643),
('xfwRO04KbAPw_zRotCfWQQ', 4, 2.407069508528522),
('xfwRO04KbAPw_zRotCfWQQ', 5, 2.9870693900568828),
('xfwRO04KbAPw_zRotCfWQQ', 6, 0),
('xfwRO04KbAPw_zRotCfWQQ', 10, 1.6924988366400309),
('xfwRO04KbAPw_zRotCfWQQ', 22, 2.111251599034069),
('xfwRO04KbAPw_zRotCfWQQ', 27, 2.2150437782043566),
('xfwRO04KbAPw_zRotCfWQQ', 37, 2.441970565050707),
('xfwRO04KbAPw_zRotCfWQQ', 38, 2.3817035354437186),
('xfwRO04KbAPw_zRotCfWQQ', 39, 3.0357062859901416),
('xfwRO04KbAPw_zRotCfWQQ', 40, 2.453448398315193),
('xfwRO04KbAPw_zRotCfWQQ', 42, 2.3978367087240433),
('xfwRO04KbAPw_zRotCfWQQ', 61, 3.0014339943029626),
('xfwRO04KbAPw_zRotCfWQQ', 62, 2.0893567565384132),
('xfwRO04KbAPw_zRotCfWQQ', 63, 2.5364854582780128),
('xfwRO04KbAPw_zRotCfWQQ', 67, 2.085875787110801),
('Xhg93cMdemu5pAMkDoEdtQ', 1, 1.7715480278514086),
('Xhg93cMdemu5pAMkDoEdtQ', 2, 2.149094973121623),
('Xhg93cMdemu5pAMkDoEdtQ', 3, 2.6830571750140364),
('Xhg93cMdemu5pAMkDoEdtQ', 4, 2.5904698741548473),
('Xhg93cMdemu5pAMkDoEdtQ', 5, 2.6754518755608214),
('Xhg93cMdemu5pAMkDoEdtQ', 6, 0),
('Xhg93cMdemu5pAMkDoEdtQ', 10, 1.563939979705177),
('Xhg93cMdemu5pAMkDoEdtQ', 22, 1.8659321338772406),
('Xhg93cMdemu5pAMkDoEdtQ', 27, 2.0763529494469455),
('Xhg93cMdemu5pAMkDoEdtQ', 37, 2.235357423028386),
('Xhg93cMdemu5pAMkDoEdtQ', 38, 2.849416522936422),
('Xhg93cMdemu5pAMkDoEdtQ', 39, 3.1798108737752),
('Xhg93cMdemu5pAMkDoEdtQ', 40, 2.6007225025851075),
('Xhg93cMdemu5pAMkDoEdtQ', 42, 2.5041609854119335),
('Xhg93cMdemu5pAMkDoEdtQ', 61, 3.305343949172144),
('Xhg93cMdemu5pAMkDoEdtQ', 62, 2.608886712150295),
('Xhg93cMdemu5pAMkDoEdtQ', 63, 2.5456820043611073),
('Xhg93cMdemu5pAMkDoEdtQ', 67, 1.9550618520105167),
('xyTJYlbE_MLouK6rCou6zg', 1, 2.1044251940535585),
('xyTJYlbE_MLouK6rCou6zg', 2, 2.5133931571569748),
('xyTJYlbE_MLouK6rCou6zg', 3, 2.6077552400807917),
('xyTJYlbE_MLouK6rCou6zg', 4, 2.527060294743402),
('xyTJYlbE_MLouK6rCou6zg', 5, 2.8527596926971825),
('xyTJYlbE_MLouK6rCou6zg', 6, 0),
('xyTJYlbE_MLouK6rCou6zg', 10, 1.7884438562371634),
('xyTJYlbE_MLouK6rCou6zg', 22, 2.1412023507960036),
('xyTJYlbE_MLouK6rCou6zg', 27, 2.6167755600753493),
('xyTJYlbE_MLouK6rCou6zg', 37, 2.2444060253068523),
('xyTJYlbE_MLouK6rCou6zg', 38, 2.796286258878961),
('xyTJYlbE_MLouK6rCou6zg', 39, 2.5502514935560625),
('xyTJYlbE_MLouK6rCou6zg', 40, 2.749726893103565),
('xyTJYlbE_MLouK6rCou6zg', 42, 2.1978886972485623),
('xyTJYlbE_MLouK6rCou6zg', 61, 2.16350207594982),
('xyTJYlbE_MLouK6rCou6zg', 62, 2.468492483387084),
('xyTJYlbE_MLouK6rCou6zg', 63, 2.724750204290675),
('xyTJYlbE_MLouK6rCou6zg', 67, 2.264259842614577),
('YNQgak-ZLtYJQxlDwN-qIg', 1, 1.7778093180293146),
('YNQgak-ZLtYJQxlDwN-qIg', 2, 2.488178542814927),
('YNQgak-ZLtYJQxlDwN-qIg', 3, 2.813951680556638),
('YNQgak-ZLtYJQxlDwN-qIg', 4, 2.5800638556559825),
('YNQgak-ZLtYJQxlDwN-qIg', 5, 3.0210925620269338),
('YNQgak-ZLtYJQxlDwN-qIg', 6, 0),
('YNQgak-ZLtYJQxlDwN-qIg', 10, 1.5978750004053468),
('YNQgak-ZLtYJQxlDwN-qIg', 22, 2.364550303784811),
('YNQgak-ZLtYJQxlDwN-qIg', 27, 2.4089857153721077),
('YNQgak-ZLtYJQxlDwN-qIg', 37, 2.348851321533939),
('YNQgak-ZLtYJQxlDwN-qIg', 38, 2.3002514935560625),
('YNQgak-ZLtYJQxlDwN-qIg', 39, 3.0357062859901416),
('YNQgak-ZLtYJQxlDwN-qIg', 40, 3.2154213880171008),
('YNQgak-ZLtYJQxlDwN-qIg', 42, 2.4357062859901415),
('YNQgak-ZLtYJQxlDwN-qIg', 61, 3.1599457591333397),
('YNQgak-ZLtYJQxlDwN-qIg', 62, 2.4702540959212533),
('YNQgak-ZLtYJQxlDwN-qIg', 63, 2.5000216166339806),
('YNQgak-ZLtYJQxlDwN-qIg', 67, 2.0709895921513217),
('YrIfgzLj0DPStJ1ESAS_Qg', 1, 2.115326862058494),
('YrIfgzLj0DPStJ1ESAS_Qg', 2, 2.4270591063088416),
('YrIfgzLj0DPStJ1ESAS_Qg', 3, 2.728444098547878),
('YrIfgzLj0DPStJ1ESAS_Qg', 4, 2.781021204946978),
('YrIfgzLj0DPStJ1ESAS_Qg', 5, 2.677149719656544),
('YrIfgzLj0DPStJ1ESAS_Qg', 6, 0),
('YrIfgzLj0DPStJ1ESAS_Qg', 10, 1.8028982294189215),
('YrIfgzLj0DPStJ1ESAS_Qg', 22, 2.205968795093149),
('YrIfgzLj0DPStJ1ESAS_Qg', 27, 2.297178267492791),
('YrIfgzLj0DPStJ1ESAS_Qg', 37, 2.6495902998615772),
('YrIfgzLj0DPStJ1ESAS_Qg', 38, 2.8645553639152292),
('YrIfgzLj0DPStJ1ESAS_Qg', 39, 3.5994165229364214),
('YrIfgzLj0DPStJ1ESAS_Qg', 40, 1.902),
('YrIfgzLj0DPStJ1ESAS_Qg', 42, 2.425251493556063),
('YrIfgzLj0DPStJ1ESAS_Qg', 61, 2.776247557214318),
('YrIfgzLj0DPStJ1ESAS_Qg', 62, 2.6357062859901417),
('YrIfgzLj0DPStJ1ESAS_Qg', 63, 2.8244799216742162),
('YrIfgzLj0DPStJ1ESAS_Qg', 67, 2.2664093186728005),
('zt1TpTuJ6y9n551sw9TaEg', 1, 1.313773830394564),
('zt1TpTuJ6y9n551sw9TaEg', 2, 2.232333888721964),
('zt1TpTuJ6y9n551sw9TaEg', 3, 2.7890704855283803),
('zt1TpTuJ6y9n551sw9TaEg', 4, 2.6935200841897737),
('zt1TpTuJ6y9n551sw9TaEg', 5, 3.0265229996864718),
('zt1TpTuJ6y9n551sw9TaEg', 6, 0),
('zt1TpTuJ6y9n551sw9TaEg', 10, 0.9720094824290588),
('zt1TpTuJ6y9n551sw9TaEg', 22, 1.8290115224343364),
('zt1TpTuJ6y9n551sw9TaEg', 27, 2.3528600809114733),
('zt1TpTuJ6y9n551sw9TaEg', 37, 2.487039115210644),
('zt1TpTuJ6y9n551sw9TaEg', 38, 2.195142412423218),
('zt1TpTuJ6y9n551sw9TaEg', 39, 3.8494165229364223),
('zt1TpTuJ6y9n551sw9TaEg', 40, 2.4844094303884448),
('zt1TpTuJ6y9n551sw9TaEg', 42, 2.5884617734815616),
('zt1TpTuJ6y9n551sw9TaEg', 61, 2.3821353430277536),
('zt1TpTuJ6y9n551sw9TaEg', 62, 2.6610191994036967),
('zt1TpTuJ6y9n551sw9TaEg', 63, 2.46855826531445),
('zt1TpTuJ6y9n551sw9TaEg', 67, 1.720531694999493);

-- --------------------------------------------------------

--
-- Table structure for table `ratings`
--

CREATE TABLE IF NOT EXISTS `ratings` (
`rating_id` int(11) NOT NULL,
  `aspect_tag` varchar(50) NOT NULL,
  `restaurant_id` varchar(45) NOT NULL,
  `score` double NOT NULL,
  `no_of_occurance` int(11) NOT NULL
) ENGINE=InnoDB AUTO_INCREMENT=977 DEFAULT CHARSET=latin1;

--
-- Dumping data for table `ratings`
--

INSERT INTO `ratings` (`rating_id`, `aspect_tag`, `restaurant_id`, `score`, `no_of_occurance`) VALUES
(1, 'Restaurant', 'JokKtdXU7zXHcr20Lrk29A', 2.4237450185202163, 102),
(2, 'F_FoodItem', 'JokKtdXU7zXHcr20Lrk29A', 2.180569794552187, 163),
(3, 'S_Parking', 'JokKtdXU7zXHcr20Lrk29A', 2.1786843946353067, 19),
(4, 'Ambience', 'JokKtdXU7zXHcr20Lrk29A', 2.6752514935560625, 8),
(5, 'Service', 'JokKtdXU7zXHcr20Lrk29A', 3.156787533029878, 18),
(6, 'Food', 'JokKtdXU7zXHcr20Lrk29A', 2.754025788449338, 76),
(7, 'F_Drinks', 'JokKtdXU7zXHcr20Lrk29A', 2.274097455671247, 122),
(8, 'S_Staff', 'JokKtdXU7zXHcr20Lrk29A', 2.471489830817099, 50),
(9, 'A_Env_Type', 'JokKtdXU7zXHcr20Lrk29A', 3.4357062859901415, 5),
(10, 'A_Entertainment', 'JokKtdXU7zXHcr20Lrk29A', 3.133916318936107, 11),
(11, 'A_OutsideView', 'JokKtdXU7zXHcr20Lrk29A', 2.823080239192993, 6),
(12, 'A_Fur_Table', 'JokKtdXU7zXHcr20Lrk29A', 2.602267915545735, 15),
(13, 'S_Del_Time', 'JokKtdXU7zXHcr20Lrk29A', 2.6848708920267033, 32),
(14, 'A_Plc_Bar', 'JokKtdXU7zXHcr20Lrk29A', 2.75232719423217, 13),
(15, 'W_Price', 'JokKtdXU7zXHcr20Lrk29A', 3.5255996866676607, 7),
(16, 'A_LocatedArea', 'JokKtdXU7zXHcr20Lrk29A', 3.1564135725263265, 6),
(17, 'S_Delivery', 'JokKtdXU7zXHcr20Lrk29A', 2.4944738683195173, 19),
(18, 'F_Appetizer', 'JokKtdXU7zXHcr20Lrk29A', 2.300251493556062, 8),
(19, 'Offers', 'JokKtdXU7zXHcr20Lrk29A', 2.8645553639152292, 3),
(20, 'F_FI_Taste', 'JokKtdXU7zXHcr20Lrk29A', 3.32036277326875, 22),
(21, 'F_Ingredients', 'JokKtdXU7zXHcr20Lrk29A', 2.4689345822124023, 15),
(22, 'F_FI_Quality', 'JokKtdXU7zXHcr20Lrk29A', 3.8817035354437186, 2),
(23, 'F_FI_Size', 'JokKtdXU7zXHcr20Lrk29A', 2.7702799552997437, 11),
(24, 'S_Gift', 'JokKtdXU7zXHcr20Lrk29A', 3.902, 1),
(25, 'A_Environment', 'JokKtdXU7zXHcr20Lrk29A', 3.3453346609387227, 9),
(26, 'A_Plc_Patio', 'JokKtdXU7zXHcr20Lrk29A', 2.6798108737752, 10),
(27, 'O_Experience', 'JokKtdXU7zXHcr20Lrk29A', 2.5356012488790687, 15),
(28, 'F_FI_Religious', 'JokKtdXU7zXHcr20Lrk29A', 3.1978886972485623, 3),
(29, 'S_OpenHours', 'JokKtdXU7zXHcr20Lrk29A', 2.599416522936422, 4),
(30, 'S_Menu', 'JokKtdXU7zXHcr20Lrk29A', 2.7798108737752, 10),
(31, 'A_Places', 'JokKtdXU7zXHcr20Lrk29A', 3.1978886972485623, 3),
(32, 'O_Exp_StarsByCus', 'JokKtdXU7zXHcr20Lrk29A', 2.8645553639152292, 3),
(33, 'F_Dessert', 'JokKtdXU7zXHcr20Lrk29A', 2.95417111523909, 7),
(34, 'A_Ent_Tv', 'JokKtdXU7zXHcr20Lrk29A', 2.902, 1),
(35, 'S_Stf_Behavior', 'JokKtdXU7zXHcr20Lrk29A', 3.5312220305818958, 3),
(36, 'S_Del_OrderingMethod', 'JokKtdXU7zXHcr20Lrk29A', 2.902, 1),
(37, 'A_Decor', 'JokKtdXU7zXHcr20Lrk29A', 3.8645553639152292, 3),
(38, 'F_FI_Healthy', 'JokKtdXU7zXHcr20Lrk29A', 2.902, 1),
(39, 'F_FI_CookingLevel', 'JokKtdXU7zXHcr20Lrk29A', 2.8817035354437186, 2),
(40, 'O_Reservation', 'JokKtdXU7zXHcr20Lrk29A', 1.902, 1),
(41, 'Worthiness', 'JokKtdXU7zXHcr20Lrk29A', 3.902, 1),
(42, 'A_Plc_DiningRoom', 'JokKtdXU7zXHcr20Lrk29A', 2.902, 1),
(43, 'Food', '8buIr1zBCO7OEcAQSZko7w', 2.1989485595993252, 141),
(44, 'Service', '8buIr1zBCO7OEcAQSZko7w', 2.950652911654992, 31),
(45, 'F_FoodItem', '8buIr1zBCO7OEcAQSZko7w', 1.5026765623878573, 354),
(46, 'Restaurant', '8buIr1zBCO7OEcAQSZko7w', 2.192839733202492, 163),
(47, 'S_Del_Time', '8buIr1zBCO7OEcAQSZko7w', 2.24953667566663, 86),
(48, 'S_Menu', '8buIr1zBCO7OEcAQSZko7w', 2.432849975007488, 29),
(49, 'S_Staff', '8buIr1zBCO7OEcAQSZko7w', 2.312767667579804, 84),
(50, 'F_Dessert', '8buIr1zBCO7OEcAQSZko7w', 1.9541711152390895, 7),
(51, 'A_Fur_Table', '8buIr1zBCO7OEcAQSZko7w', 2.3295413193889747, 40),
(52, 'S_Delivery', '8buIr1zBCO7OEcAQSZko7w', 2.2910464599927955, 55),
(53, 'F_FI_Healthy', '8buIr1zBCO7OEcAQSZko7w', 3.1978886972485623, 3),
(54, 'S_Cutlery', '8buIr1zBCO7OEcAQSZko7w', 2.4112718641778415, 22),
(55, 'O_Payment', '8buIr1zBCO7OEcAQSZko7w', 2.1978886972485623, 3),
(56, 'S_Stf_Behavior', '8buIr1zBCO7OEcAQSZko7w', 3.3453346609387227, 9),
(57, 'O_Reservation', '8buIr1zBCO7OEcAQSZko7w', 3.0357062859901416, 5),
(58, 'Worthiness', '8buIr1zBCO7OEcAQSZko7w', 3.599416522936422, 4),
(59, 'A_Decor', '8buIr1zBCO7OEcAQSZko7w', 2.8357062859901414, 5),
(60, 'F_Drinks', '8buIr1zBCO7OEcAQSZko7w', 2.332643168714898, 45),
(61, 'A_Places', '8buIr1zBCO7OEcAQSZko7w', 2.8002514935560625, 8),
(62, 'F_Ingredients', '8buIr1zBCO7OEcAQSZko7w', 2.484875527257046, 46),
(63, 'O_Experience', '8buIr1zBCO7OEcAQSZko7w', 2.374330345621023, 33),
(64, 'F_FI_Taste', '8buIr1zBCO7OEcAQSZko7w', 2.46597650204823, 45),
(65, 'W_Price', '8buIr1zBCO7OEcAQSZko7w', 2.915526499898464, 19),
(66, 'A_Ent_Music', '8buIr1zBCO7OEcAQSZko7w', 2.8645553639152292, 3),
(67, 'A_Plc_Patio', '8buIr1zBCO7OEcAQSZko7w', 2.811313972381947, 7),
(68, 'A_OutsideView', '8buIr1zBCO7OEcAQSZko7w', 2.9897469058596595, 6),
(69, 'A_Furniture', '8buIr1zBCO7OEcAQSZko7w', 2.349416522936422, 4),
(70, 'F_FI_CookingLevel', '8buIr1zBCO7OEcAQSZko7w', 2.7438265072224546, 14),
(71, 'O_Exp_StarsByCus', '8buIr1zBCO7OEcAQSZko7w', 2.678667994272056, 9),
(72, 'A_Plc_Bar', '8buIr1zBCO7OEcAQSZko7w', 2.4257620224632643, 17),
(73, 'S_OpenHours', '8buIr1zBCO7OEcAQSZko7w', 2.668456829524804, 7),
(74, 'A_Env_Type', '8buIr1zBCO7OEcAQSZko7w', 3.1564135725263265, 6),
(75, 'S_Parking', '8buIr1zBCO7OEcAQSZko7w', 2.349416522936422, 4),
(76, 'A_LocatedArea', '8buIr1zBCO7OEcAQSZko7w', 2.811313972381947, 7),
(77, 'F_FI_Quality', '8buIr1zBCO7OEcAQSZko7w', 2.7897791053831673, 9),
(78, 'F_Appetizer', '8buIr1zBCO7OEcAQSZko7w', 2.743826507222454, 14),
(79, 'A_Plc_DiningRoom', '8buIr1zBCO7OEcAQSZko7w', 3.902, 1),
(80, 'A_Environment', '8buIr1zBCO7OEcAQSZko7w', 3.3798108737751993, 10),
(81, 'F_FI_Size', '8buIr1zBCO7OEcAQSZko7w', 2.6793708643906524, 11),
(82, 'Ambience', '8buIr1zBCO7OEcAQSZko7w', 3.1564135725263265, 6),
(83, 'S_Stf_Availability', '8buIr1zBCO7OEcAQSZko7w', 3.902, 1),
(84, 'F_FI_Religious', '8buIr1zBCO7OEcAQSZko7w', 2.5312220305818958, 3),
(85, 'F_FI_Price', '8buIr1zBCO7OEcAQSZko7w', 2.902, 1),
(86, 'A_Entertainment', '8buIr1zBCO7OEcAQSZko7w', 2.3817035354437186, 2),
(87, 'A_Plc_Bathroom', '8buIr1zBCO7OEcAQSZko7w', 3.902, 1),
(88, 'A_Env_Size', '8buIr1zBCO7OEcAQSZko7w', 2.902, 1),
(89, 'S_Stf_Experience', '8buIr1zBCO7OEcAQSZko7w', 1.902, 1),
(90, 'Offers', '8buIr1zBCO7OEcAQSZko7w', 2.8817035354437186, 2),
(91, 'Restaurant', 'lliksv-tglfUz1T3B3vgvA', 2.144695620052894, 179),
(92, 'S_Del_Time', 'lliksv-tglfUz1T3B3vgvA', 2.3327173931471763, 63),
(93, 'F_FoodItem', 'lliksv-tglfUz1T3B3vgvA', 1.7246839811329984, 312),
(94, 'Food', 'lliksv-tglfUz1T3B3vgvA', 2.0975634507384564, 210),
(95, 'F_FI_Size', 'lliksv-tglfUz1T3B3vgvA', 2.6798108737752004, 10),
(96, 'F_FI_Quality', 'lliksv-tglfUz1T3B3vgvA', 2.9897469058596595, 6),
(97, 'W_Price', 'lliksv-tglfUz1T3B3vgvA', 2.705000184108991, 19),
(98, 'O_Experience', 'lliksv-tglfUz1T3B3vgvA', 2.570781009490247, 29),
(99, 'Service', 'lliksv-tglfUz1T3B3vgvA', 3.1443155813216945, 25),
(100, 'A_Environment', 'lliksv-tglfUz1T3B3vgvA', 2.849416522936422, 4),
(101, 'A_Env_Type', 'lliksv-tglfUz1T3B3vgvA', 2.5312220305818958, 3),
(102, 'S_Staff', 'lliksv-tglfUz1T3B3vgvA', 2.4950804213210946, 54),
(103, 'F_Appetizer', 'lliksv-tglfUz1T3B3vgvA', 2.5479829407797716, 21),
(104, 'F_FI_Religious', 'lliksv-tglfUz1T3B3vgvA', 3.3817035354437186, 2),
(105, 'F_Ingredients', 'lliksv-tglfUz1T3B3vgvA', 2.5561485274392055, 33),
(106, 'F_FI_Taste', 'lliksv-tglfUz1T3B3vgvA', 2.71784123790365, 79),
(107, 'S_Delivery', 'lliksv-tglfUz1T3B3vgvA', 2.2295413193889733, 40),
(108, 'O_Exp_StarsByCus', 'lliksv-tglfUz1T3B3vgvA', 2.1798108737752, 10),
(109, 'A_Env_Size', 'lliksv-tglfUz1T3B3vgvA', 2.8817035354437186, 2),
(110, 'A_Places', 'lliksv-tglfUz1T3B3vgvA', 3.349416522936422, 4),
(111, 'A_Fur_Table', 'lliksv-tglfUz1T3B3vgvA', 2.656787533029878, 18),
(112, 'S_Parking', 'lliksv-tglfUz1T3B3vgvA', 2.3817035354437186, 2),
(113, 'F_FI_CookingLevel', 'lliksv-tglfUz1T3B3vgvA', 2.5707810094902466, 29),
(114, 'O_Reservation', 'lliksv-tglfUz1T3B3vgvA', 2.5502514935560625, 8),
(115, 'A_Decor', 'lliksv-tglfUz1T3B3vgvA', 2.811313972381947, 7),
(116, 'A_Plc_Bathroom', 'lliksv-tglfUz1T3B3vgvA', 2.3230802391929926, 6),
(117, 'A_Entertainment', 'lliksv-tglfUz1T3B3vgvA', 0.902, 1),
(118, 'S_Menu', 'lliksv-tglfUz1T3B3vgvA', 2.577739358640186, 27),
(119, 'A_Plc_Kitchen', 'lliksv-tglfUz1T3B3vgvA', 2.5312220305818958, 3),
(120, 'Worthiness', 'lliksv-tglfUz1T3B3vgvA', 3.849416522936422, 4),
(121, 'S_OpenHours', 'lliksv-tglfUz1T3B3vgvA', 2.6564135725263265, 6),
(122, 'F_Drinks', 'lliksv-tglfUz1T3B3vgvA', 2.6147763956772234, 27),
(123, 'A_LocatedArea', 'lliksv-tglfUz1T3B3vgvA', 2.7702799552997432, 11),
(124, 'S_Stf_Behavior', 'lliksv-tglfUz1T3B3vgvA', 3.8645553639152292, 3),
(125, 'Ambience', 'lliksv-tglfUz1T3B3vgvA', 2.6564135725263265, 6),
(126, 'A_Plc_Bar', 'lliksv-tglfUz1T3B3vgvA', 2.902, 1),
(127, 'F_FI_Healthy', 'lliksv-tglfUz1T3B3vgvA', 2.8357062859901414, 5),
(128, 'A_Plc_DiningRoom', 'lliksv-tglfUz1T3B3vgvA', 3.902, 1),
(129, 'A_OutsideView', 'lliksv-tglfUz1T3B3vgvA', 2.3230802391929926, 6),
(130, 'S_Cutlery', 'lliksv-tglfUz1T3B3vgvA', 2.8817035354437186, 2),
(131, 'F_Dessert', 'lliksv-tglfUz1T3B3vgvA', 2.349416522936422, 4),
(132, 'F_FI_Price', 'lliksv-tglfUz1T3B3vgvA', 2.8645553639152292, 3),
(133, 'Offers', 'lliksv-tglfUz1T3B3vgvA', 1.902, 1),
(134, 'A_Environment', 'xyTJYlbE_MLouK6rCou6zg', 2.5502514935560625, 8),
(135, 'Service', 'xyTJYlbE_MLouK6rCou6zg', 2.9481097290105556, 27),
(136, 'Food', 'xyTJYlbE_MLouK6rCou6zg', 2.423669674258819, 53),
(137, 'F_FoodItem', 'xyTJYlbE_MLouK6rCou6zg', 1.5578046365465332, 431),
(138, 'F_Appetizer', 'xyTJYlbE_MLouK6rCou6zg', 2.5003638931607237, 21),
(139, 'S_Menu', 'xyTJYlbE_MLouK6rCou6zg', 2.778703198933853, 17),
(140, 'S_Staff', 'xyTJYlbE_MLouK6rCou6zg', 2.08639360136042, 83),
(141, 'S_Stf_Behavior', 'xyTJYlbE_MLouK6rCou6zg', 3.224825409845198, 11),
(142, 'A_Entertainment', 'xyTJYlbE_MLouK6rCou6zg', 2.8798108737752006, 10),
(143, 'Restaurant', 'xyTJYlbE_MLouK6rCou6zg', 2.280172767819953, 111),
(144, 'F_FI_Taste', 'xyTJYlbE_MLouK6rCou6zg', 2.936660582243373, 43),
(145, 'F_FI_Price', 'xyTJYlbE_MLouK6rCou6zg', 2.770279955299743, 11),
(146, 'Offers', 'xyTJYlbE_MLouK6rCou6zg', 2.2357062859901418, 5),
(147, 'F_Drinks', 'xyTJYlbE_MLouK6rCou6zg', 2.5651298507500546, 72),
(148, 'F_Ingredients', 'xyTJYlbE_MLouK6rCou6zg', 2.475173027618199, 59),
(149, 'F_FI_Size', 'xyTJYlbE_MLouK6rCou6zg', 2.6793708643906524, 11),
(150, 'A_Fur_Table', 'xyTJYlbE_MLouK6rCou6zg', 2.2444060253068523, 27),
(151, 'S_Del_Time', 'xyTJYlbE_MLouK6rCou6zg', 2.4614914528070893, 36),
(152, 'Worthiness', 'xyTJYlbE_MLouK6rCou6zg', 3.902, 1),
(153, 'O_Pay_Price', 'xyTJYlbE_MLouK6rCou6zg', 2.5312220305818958, 3),
(154, 'S_Delivery', 'xyTJYlbE_MLouK6rCou6zg', 2.699454944699969, 34),
(155, 'O_Experience', 'xyTJYlbE_MLouK6rCou6zg', 2.767898644140989, 18),
(156, 'W_Price', 'xyTJYlbE_MLouK6rCou6zg', 2.6651261708241267, 16),
(157, 'A_Plc_RestRoom', 'xyTJYlbE_MLouK6rCou6zg', 3.902, 1),
(158, 'A_Plc_Bathroom', 'xyTJYlbE_MLouK6rCou6zg', 3.3817035354437186, 2),
(159, 'O_Exp_StarsByCus', 'xyTJYlbE_MLouK6rCou6zg', 2.6793708643906524, 11),
(160, 'F_FI_CookingLevel', 'xyTJYlbE_MLouK6rCou6zg', 2.8946951966359937, 23),
(161, 'F_Dessert', 'xyTJYlbE_MLouK6rCou6zg', 2.349416522936422, 4),
(162, 'A_Plc_Bar', 'xyTJYlbE_MLouK6rCou6zg', 2.602267915545735, 15),
(163, 'F_FI_Quality', 'xyTJYlbE_MLouK6rCou6zg', 2.9897469058596595, 6),
(164, 'F_FI_Healthy', 'xyTJYlbE_MLouK6rCou6zg', 3.5312220305818958, 3),
(165, 'S_Del_OrderingMethod', 'xyTJYlbE_MLouK6rCou6zg', 2.902, 1),
(166, 'A_Decor', 'xyTJYlbE_MLouK6rCou6zg', 2.5312220305818958, 3),
(167, 'A_OutsideView', 'xyTJYlbE_MLouK6rCou6zg', 2.902, 1),
(168, 'A_Ent_Music', 'xyTJYlbE_MLouK6rCou6zg', 2.668456829524804, 7),
(169, 'S_Stf_Experience', 'xyTJYlbE_MLouK6rCou6zg', 3.902, 1),
(170, 'A_Places', 'xyTJYlbE_MLouK6rCou6zg', 2.8645553639152292, 3),
(171, 'A_LocatedArea', 'xyTJYlbE_MLouK6rCou6zg', 2.1978886972485623, 3),
(172, 'A_Plc_DiningRoom', 'xyTJYlbE_MLouK6rCou6zg', 2.3817035354437186, 2),
(173, 'A_Env_Type', 'xyTJYlbE_MLouK6rCou6zg', 2.5312220305818958, 3),
(174, 'F_FI_Religious', 'xyTJYlbE_MLouK6rCou6zg', 1.902, 1),
(175, 'Ambience', 'xyTJYlbE_MLouK6rCou6zg', 3.3817035354437186, 2),
(176, 'O_Payment', 'xyTJYlbE_MLouK6rCou6zg', 2.4357062859901415, 5),
(177, 'O_Reservation', 'xyTJYlbE_MLouK6rCou6zg', 1.902, 1),
(178, 'A_Plc_Kitchen', 'xyTJYlbE_MLouK6rCou6zg', 2.902, 1),
(179, 'S_Cutlery', 'xyTJYlbE_MLouK6rCou6zg', 2.349416522936422, 4),
(180, 'S_OpenHours', 'xyTJYlbE_MLouK6rCou6zg', 2.902, 1),
(181, 'F_FoodItem', 'DO3Gk17RyJVW7zYMCtYPnw', 1.3422744346829092, 607),
(182, 'S_Del_Time', 'DO3Gk17RyJVW7zYMCtYPnw', 2.3076762105503503, 86),
(183, 'O_Reservation', 'DO3Gk17RyJVW7zYMCtYPnw', 2.2409754923001532, 31),
(184, 'S_Staff', 'DO3Gk17RyJVW7zYMCtYPnw', 2.0217247794406927, 146),
(185, 'Worthiness', 'DO3Gk17RyJVW7zYMCtYPnw', 3.8817035354437186, 2),
(186, 'S_Stf_Experience', 'DO3Gk17RyJVW7zYMCtYPnw', 3.349416522936422, 4),
(187, 'F_FI_Quality', 'DO3Gk17RyJVW7zYMCtYPnw', 2.9798108737752003, 10),
(188, 'Food', 'DO3Gk17RyJVW7zYMCtYPnw', 1.8824891551830396, 264),
(189, 'Restaurant', 'DO3Gk17RyJVW7zYMCtYPnw', 1.9705748820146145, 219),
(190, 'W_Price', 'DO3Gk17RyJVW7zYMCtYPnw', 2.931442693797012, 28),
(191, 'F_Ingredients', 'DO3Gk17RyJVW7zYMCtYPnw', 2.216654206990729, 137),
(192, 'F_Appetizer', 'DO3Gk17RyJVW7zYMCtYPnw', 2.445537375093594, 52),
(193, 'F_FI_CookingLevel', 'DO3Gk17RyJVW7zYMCtYPnw', 2.8183191872655238, 55),
(194, 'S_Menu', 'DO3Gk17RyJVW7zYMCtYPnw', 2.4308066460756916, 39),
(195, 'S_Delivery', 'DO3Gk17RyJVW7zYMCtYPnw', 2.287352072972276, 72),
(196, 'S_Cutlery', 'DO3Gk17RyJVW7zYMCtYPnw', 2.4252514935560625, 8),
(197, 'O_Experience', 'DO3Gk17RyJVW7zYMCtYPnw', 2.3502405265573043, 69),
(198, 'F_FI_Taste', 'DO3Gk17RyJVW7zYMCtYPnw', 2.530110231628818, 140),
(199, 'Service', 'DO3Gk17RyJVW7zYMCtYPnw', 2.681923742353525, 63),
(200, 'A_LocatedArea', 'DO3Gk17RyJVW7zYMCtYPnw', 2.5312220305818958, 3),
(201, 'Ambience', 'DO3Gk17RyJVW7zYMCtYPnw', 3.849416522936422, 4),
(202, 'A_Entertainment', 'DO3Gk17RyJVW7zYMCtYPnw', 2.5295407929367397, 14),
(203, 'F_Dessert', 'DO3Gk17RyJVW7zYMCtYPnw', 2.3978367087240438, 20),
(204, 'F_FI_Price', 'DO3Gk17RyJVW7zYMCtYPnw', 2.5111331291678067, 12),
(205, 'S_Stf_Behavior', 'DO3Gk17RyJVW7zYMCtYPnw', 3.177799795834473, 12),
(206, 'F_Drinks', 'DO3Gk17RyJVW7zYMCtYPnw', 2.2840186838792507, 64),
(207, 'F_FI_Size', 'DO3Gk17RyJVW7zYMCtYPnw', 2.8022679155457353, 15),
(208, 'A_Places', 'DO3Gk17RyJVW7zYMCtYPnw', 2.9061733480783234, 13),
(209, 'A_Env_Type', 'DO3Gk17RyJVW7zYMCtYPnw', 3.3817035354437186, 2),
(210, 'A_Fur_Table', 'DO3Gk17RyJVW7zYMCtYPnw', 2.524094044744357, 47),
(211, 'F_FI_Healthy', 'DO3Gk17RyJVW7zYMCtYPnw', 2.5312220305818958, 3),
(212, 'Offers', 'DO3Gk17RyJVW7zYMCtYPnw', 2.9897469058596595, 6),
(213, 'A_Plc_Kitchen', 'DO3Gk17RyJVW7zYMCtYPnw', 2.4564457720498334, 9),
(214, 'O_Exp_StarsByCus', 'DO3Gk17RyJVW7zYMCtYPnw', 2.3234541996965445, 18),
(215, 'A_Environment', 'DO3Gk17RyJVW7zYMCtYPnw', 3.239885400953376, 7),
(216, 'A_Decor', 'DO3Gk17RyJVW7zYMCtYPnw', 3.0978367087240435, 20),
(217, 'O_Pay_Price', 'DO3Gk17RyJVW7zYMCtYPnw', 1.902, 1),
(218, 'A_OutsideView', 'DO3Gk17RyJVW7zYMCtYPnw', 3.2357062859901418, 5),
(219, 'A_Plc_DiningRoom', 'DO3Gk17RyJVW7zYMCtYPnw', 3.3817035354437186, 2),
(220, 'O_Payment', 'DO3Gk17RyJVW7zYMCtYPnw', 2.349416522936422, 4),
(221, 'S_Parking', 'DO3Gk17RyJVW7zYMCtYPnw', 2.8817035354437186, 2),
(222, 'A_Plc_Bar', 'DO3Gk17RyJVW7zYMCtYPnw', 2.4897469058596595, 6),
(223, 'A_Plc_Bathroom', 'DO3Gk17RyJVW7zYMCtYPnw', 3.902, 1),
(224, 'F_FI_Religious', 'DO3Gk17RyJVW7zYMCtYPnw', 2.3817035354437186, 2),
(225, 'S_Del_OrderingMethod', 'DO3Gk17RyJVW7zYMCtYPnw', 1.902, 1),
(226, 'S_OpenHours', 'DO3Gk17RyJVW7zYMCtYPnw', 3.3817035354437186, 2),
(227, 'A_Env_Size', 'DO3Gk17RyJVW7zYMCtYPnw', 1.902, 1),
(228, 'Restaurant', '4bEjOyTaDG24SY5TxsaUNQ', 1.9461195310413224, 282),
(229, 'Food', '4bEjOyTaDG24SY5TxsaUNQ', 1.9403469213222377, 316),
(230, 'A_LocatedArea', '4bEjOyTaDG24SY5TxsaUNQ', 3.1707453972100974, 24),
(231, 'A_Decor', '4bEjOyTaDG24SY5TxsaUNQ', 2.6150142234134015, 66),
(232, 'S_Staff', '4bEjOyTaDG24SY5TxsaUNQ', 1.9558664146001512, 192),
(233, 'F_Appetizer', '4bEjOyTaDG24SY5TxsaUNQ', 2.353596164708786, 78),
(234, 'F_FoodItem', '4bEjOyTaDG24SY5TxsaUNQ', 1.254212794958214, 689),
(235, 'F_Ingredients', '4bEjOyTaDG24SY5TxsaUNQ', 2.2278415329450043, 114),
(236, 'S_Del_Time', '4bEjOyTaDG24SY5TxsaUNQ', 2.1926075382471915, 105),
(237, 'A_Fur_Table', '4bEjOyTaDG24SY5TxsaUNQ', 2.3961010009131347, 84),
(238, 'S_Menu', '4bEjOyTaDG24SY5TxsaUNQ', 2.824315581321694, 25),
(239, 'O_Reservation', '4bEjOyTaDG24SY5TxsaUNQ', 2.3356012488790685, 15),
(240, 'S_Delivery', '4bEjOyTaDG24SY5TxsaUNQ', 2.351104263909511, 87),
(241, 'F_Drinks', '4bEjOyTaDG24SY5TxsaUNQ', 2.2862869724942945, 115),
(242, 'W_Price', '4bEjOyTaDG24SY5TxsaUNQ', 3.0535396301799027, 29),
(243, 'A_OutsideView', '4bEjOyTaDG24SY5TxsaUNQ', 2.619378829961768, 110),
(244, 'A_Plc_Patio', '4bEjOyTaDG24SY5TxsaUNQ', 2.468130030487409, 51),
(245, 'S_Stf_Behavior', '4bEjOyTaDG24SY5TxsaUNQ', 2.997836708724043, 20),
(246, 'O_Experience', '4bEjOyTaDG24SY5TxsaUNQ', 2.61547072153445, 75),
(247, 'F_FI_Taste', '4bEjOyTaDG24SY5TxsaUNQ', 2.6818194224823597, 103),
(248, 'Service', '4bEjOyTaDG24SY5TxsaUNQ', 2.757281984939868, 85),
(249, 'S_Cutlery', '4bEjOyTaDG24SY5TxsaUNQ', 2.7611331291678067, 12),
(250, 'F_FI_CookingLevel', '4bEjOyTaDG24SY5TxsaUNQ', 2.540610543782072, 56),
(251, 'F_Dessert', '4bEjOyTaDG24SY5TxsaUNQ', 2.3892107104247793, 19),
(252, 'Ambience', '4bEjOyTaDG24SY5TxsaUNQ', 2.896350257757382, 17),
(253, 'O_Exp_StarsByCus', '4bEjOyTaDG24SY5TxsaUNQ', 2.3887763700273177, 26),
(254, 'F_FI_Healthy', '4bEjOyTaDG24SY5TxsaUNQ', 3.3444664625011398, 12),
(255, 'A_Entertainment', '4bEjOyTaDG24SY5TxsaUNQ', 2.952098137117925, 11),
(256, 'F_FI_Quality', '4bEjOyTaDG24SY5TxsaUNQ', 3.060019501924477, 13),
(257, 'F_FI_Size', '4bEjOyTaDG24SY5TxsaUNQ', 2.8369986178994444, 27),
(258, 'S_OpenHours', '4bEjOyTaDG24SY5TxsaUNQ', 2.4798108737752, 10),
(259, 'Opinion', '4bEjOyTaDG24SY5TxsaUNQ', 3.902, 1),
(260, 'F_FI_Price', '4bEjOyTaDG24SY5TxsaUNQ', 2.837526728345617, 17),
(261, 'Offers', '4bEjOyTaDG24SY5TxsaUNQ', 2.9897469058596595, 6),
(262, 'A_Places', '4bEjOyTaDG24SY5TxsaUNQ', 2.927799795834473, 12),
(263, 'O_Payment', '4bEjOyTaDG24SY5TxsaUNQ', 1.8113139723819467, 7),
(264, 'A_Plc_DiningRoom', '4bEjOyTaDG24SY5TxsaUNQ', 2.0357062859901416, 5),
(265, 'A_Furniture', '4bEjOyTaDG24SY5TxsaUNQ', 2.668456829524804, 7),
(266, 'A_Environment', '4bEjOyTaDG24SY5TxsaUNQ', 3.5111331291678067, 12),
(267, 'A_Env_Type', '4bEjOyTaDG24SY5TxsaUNQ', 3.0357062859901416, 5),
(268, 'A_Plc_Bar', '4bEjOyTaDG24SY5TxsaUNQ', 2.849416522936422, 4),
(269, 'A_Ent_Music', '4bEjOyTaDG24SY5TxsaUNQ', 1.902, 1),
(270, 'A_Plc_RestRoom', '4bEjOyTaDG24SY5TxsaUNQ', 2.1978886972485623, 3),
(271, 'S_Del_OrderingMethod', '4bEjOyTaDG24SY5TxsaUNQ', 2.8817035354437186, 2),
(272, 'S_Stf_Experience', '4bEjOyTaDG24SY5TxsaUNQ', 2.902, 1),
(273, 'A_Env_Size', '4bEjOyTaDG24SY5TxsaUNQ', 3.902, 1),
(274, 'F_FI_Religious', '4bEjOyTaDG24SY5TxsaUNQ', 2.902, 1),
(275, 'S_Del_Time', 'tFU2Js_nbIZOrnKfYJYBBg', 2.134753193376166, 122),
(276, 'Food', 'tFU2Js_nbIZOrnKfYJYBBg', 1.7233683673220992, 359),
(277, 'F_FoodItem', 'tFU2Js_nbIZOrnKfYJYBBg', 1.1509021310567813, 692),
(278, 'A_Fur_Table', 'tFU2Js_nbIZOrnKfYJYBBg', 2.2377265589310484, 62),
(279, 'A_OutsideView', 'tFU2Js_nbIZOrnKfYJYBBg', 2.9581122215081685, 14),
(280, 'Service', 'tFU2Js_nbIZOrnKfYJYBBg', 2.462960704794727, 102),
(281, 'F_Ingredients', 'tFU2Js_nbIZOrnKfYJYBBg', 2.1078891150866323, 144),
(282, 'F_FI_Taste', 'tFU2Js_nbIZOrnKfYJYBBg', 2.746555671575105, 126),
(283, 'S_Delivery', 'tFU2Js_nbIZOrnKfYJYBBg', 2.122996274584763, 99),
(284, 'F_Appetizer', 'tFU2Js_nbIZOrnKfYJYBBg', 2.4509950725471836, 61),
(285, 'A_Decor', 'tFU2Js_nbIZOrnKfYJYBBg', 2.7288667094058514, 34),
(286, 'F_FI_CookingLevel', 'tFU2Js_nbIZOrnKfYJYBBg', 2.5314963727414463, 92),
(287, 'F_Dessert', 'tFU2Js_nbIZOrnKfYJYBBg', 2.3503803416959776, 36),
(288, 'Restaurant', 'tFU2Js_nbIZOrnKfYJYBBg', 2.0550775441165046, 216),
(289, 'A_Environment', 'tFU2Js_nbIZOrnKfYJYBBg', 3.224825409845198, 11),
(290, 'F_Drinks', 'tFU2Js_nbIZOrnKfYJYBBg', 2.317847456142329, 82),
(291, 'S_OpenHours', 'tFU2Js_nbIZOrnKfYJYBBg', 2.9798108737752, 10),
(292, 'Ambience', 'tFU2Js_nbIZOrnKfYJYBBg', 3.675251493556062, 8),
(293, 'O_Reservation', 'tFU2Js_nbIZOrnKfYJYBBg', 2.0798108737752, 10),
(294, 'O_Experience', 'tFU2Js_nbIZOrnKfYJYBBg', 2.5085834409796766, 90),
(295, 'A_Furniture', 'tFU2Js_nbIZOrnKfYJYBBg', 2.823080239192993, 6),
(296, 'S_Menu', 'tFU2Js_nbIZOrnKfYJYBBg', 2.2977724749482693, 37),
(297, 'S_Cutlery', 'tFU2Js_nbIZOrnKfYJYBBg', 2.4901208663632124, 18),
(298, 'S_Staff', 'tFU2Js_nbIZOrnKfYJYBBg', 2.022755771682175, 169),
(299, 'A_Places', 'tFU2Js_nbIZOrnKfYJYBBg', 2.597836708724044, 20),
(300, 'O_Payment', 'tFU2Js_nbIZOrnKfYJYBBg', 2.4446348865398626, 13),
(301, 'W_Price', 'tFU2Js_nbIZOrnKfYJYBBg', 2.7076636789543564, 33),
(302, 'F_FI_Size', 'tFU2Js_nbIZOrnKfYJYBBg', 2.8526261708241263, 16),
(303, 'O_Exp_StarsByCus', 'tFU2Js_nbIZOrnKfYJYBBg', 2.5401261708241267, 16),
(304, 'S_Stf_Behavior', 'tFU2Js_nbIZOrnKfYJYBBg', 2.9681580788458333, 19),
(305, 'F_FI_Quality', 'tFU2Js_nbIZOrnKfYJYBBg', 2.688850469751297, 27),
(306, 'F_FI_Healthy', 'tFU2Js_nbIZOrnKfYJYBBg', 3.2907887326937084, 13),
(307, 'S_Stf_Availability', 'tFU2Js_nbIZOrnKfYJYBBg', 3.902, 1),
(308, 'Offers', 'tFU2Js_nbIZOrnKfYJYBBg', 2.521557963462939, 13),
(309, 'A_LocatedArea', 'tFU2Js_nbIZOrnKfYJYBBg', 2.7356012488790684, 15),
(310, 'S_Stf_Appearance', 'tFU2Js_nbIZOrnKfYJYBBg', 3.902, 1),
(311, 'A_Plc_DiningRoom', 'tFU2Js_nbIZOrnKfYJYBBg', 2.849416522936422, 4),
(312, 'A_Env_Type', 'tFU2Js_nbIZOrnKfYJYBBg', 3.4357062859901415, 5),
(313, 'F_FI_Price', 'tFU2Js_nbIZOrnKfYJYBBg', 2.8357062859901414, 5),
(314, 'S_Parking', 'tFU2Js_nbIZOrnKfYJYBBg', 2.6357062859901417, 5),
(315, 'A_Plc_Bar', 'tFU2Js_nbIZOrnKfYJYBBg', 2.823080239192993, 6),
(316, 'F_FI_Religious', 'tFU2Js_nbIZOrnKfYJYBBg', 2.902, 1),
(317, 'A_Entertainment', 'tFU2Js_nbIZOrnKfYJYBBg', 2.8817035354437186, 2),
(318, 'S_Stf_Experience', 'tFU2Js_nbIZOrnKfYJYBBg', 2.902, 1),
(319, 'O_Pay_Price', 'tFU2Js_nbIZOrnKfYJYBBg', 2.902, 1),
(320, 'A_Ent_Music', 'tFU2Js_nbIZOrnKfYJYBBg', 1.902, 1),
(321, 'A_Plc_Kitchen', 'tFU2Js_nbIZOrnKfYJYBBg', 1.902, 1),
(322, 'F_FoodItem', 'CZjcFdvJhksq9dy58NVEzw', 1.2994837721098969, 530),
(323, 'F_Appetizer', 'CZjcFdvJhksq9dy58NVEzw', 2.397836708724043, 20),
(324, 'Restaurant', 'CZjcFdvJhksq9dy58NVEzw', 2.0146041001508896, 135),
(325, 'O_Experience', 'CZjcFdvJhksq9dy58NVEzw', 2.18026560650628, 54),
(326, 'S_Del_OrderingMethod', 'CZjcFdvJhksq9dy58NVEzw', 2.0456764219187664, 18),
(327, 'S_Del_Time', 'CZjcFdvJhksq9dy58NVEzw', 2.319238135806434, 70),
(328, 'Food', 'CZjcFdvJhksq9dy58NVEzw', 1.6608881105580373, 352),
(329, 'F_FI_Quality', 'CZjcFdvJhksq9dy58NVEzw', 2.6964686777196265, 26),
(330, 'W_Price', 'CZjcFdvJhksq9dy58NVEzw', 2.624030337217037, 48),
(331, 'F_Ingredients', 'CZjcFdvJhksq9dy58NVEzw', 2.1712683982269505, 60),
(332, 'F_FI_Taste', 'CZjcFdvJhksq9dy58NVEzw', 2.4439564342067515, 71),
(333, 'F_Dessert', 'CZjcFdvJhksq9dy58NVEzw', 2.2727924896201173, 86),
(334, 'Service', 'CZjcFdvJhksq9dy58NVEzw', 3.122505147421281, 29),
(335, 'S_Staff', 'CZjcFdvJhksq9dy58NVEzw', 2.475574536004319, 63),
(336, 'F_Drinks', 'CZjcFdvJhksq9dy58NVEzw', 2.3226025639181995, 36),
(337, 'S_Menu', 'CZjcFdvJhksq9dy58NVEzw', 2.6432210360178665, 21),
(338, 'A_Furniture', 'CZjcFdvJhksq9dy58NVEzw', 2.902, 1),
(339, 'Worthiness', 'CZjcFdvJhksq9dy58NVEzw', 3.6752514935560634, 8),
(340, 'F_FI_Healthy', 'CZjcFdvJhksq9dy58NVEzw', 3.550251493556063, 8),
(341, 'O_Exp_StarsByCus', 'CZjcFdvJhksq9dy58NVEzw', 2.234223549827611, 9),
(342, 'Opinion', 'CZjcFdvJhksq9dy58NVEzw', 3.902, 1),
(343, 'A_LocatedArea', 'CZjcFdvJhksq9dy58NVEzw', 1.902, 1),
(344, 'A_Fur_Table', 'CZjcFdvJhksq9dy58NVEzw', 2.156787533029878, 18),
(345, 'S_Cutlery', 'CZjcFdvJhksq9dy58NVEzw', 2.598481040386016, 13),
(346, 'S_Stf_Experience', 'CZjcFdvJhksq9dy58NVEzw', 2.8817035354437186, 2),
(347, 'O_Payment', 'CZjcFdvJhksq9dy58NVEzw', 2.0430072280270157, 11),
(348, 'F_FI_Size', 'CZjcFdvJhksq9dy58NVEzw', 3.0970282580962327, 7),
(349, 'A_Plc_Bar', 'CZjcFdvJhksq9dy58NVEzw', 2.668456829524805, 7),
(350, 'F_FI_Price', 'CZjcFdvJhksq9dy58NVEzw', 3.0120013276053887, 9),
(351, 'Ambience', 'CZjcFdvJhksq9dy58NVEzw', 3.349416522936422, 4),
(352, 'A_Entertainment', 'CZjcFdvJhksq9dy58NVEzw', 2.5312220305818958, 3),
(353, 'S_Stf_Behavior', 'CZjcFdvJhksq9dy58NVEzw', 3.323080239192993, 6),
(354, 'F_FI_CookingLevel', 'CZjcFdvJhksq9dy58NVEzw', 2.4527448455416767, 21),
(355, 'A_Plc_DiningRoom', 'CZjcFdvJhksq9dy58NVEzw', 2.099416522936422, 4),
(356, 'A_Environment', 'CZjcFdvJhksq9dy58NVEzw', 2.3817035354437186, 2),
(357, 'A_Decor', 'CZjcFdvJhksq9dy58NVEzw', 2.5312220305818958, 3),
(358, 'A_Places', 'CZjcFdvJhksq9dy58NVEzw', 2.849416522936422, 4),
(359, 'F_FI_Religious', 'CZjcFdvJhksq9dy58NVEzw', 2.3817035354437186, 2),
(360, 'Offers', 'CZjcFdvJhksq9dy58NVEzw', 1.902, 1),
(361, 'S_Delivery', 'CZjcFdvJhksq9dy58NVEzw', 2.5312220305818958, 3),
(362, 'S_OpenHours', 'CZjcFdvJhksq9dy58NVEzw', 3.902, 1),
(363, 'O_Pay_Price', 'CZjcFdvJhksq9dy58NVEzw', 1.902, 1),
(364, 'W_Waiting', 'CZjcFdvJhksq9dy58NVEzw', 3.902, 1),
(365, 'Food', 'YNQgak-ZLtYJQxlDwN-qIg', 1.4628686786709166, 486),
(366, 'S_Menu', 'YNQgak-ZLtYJQxlDwN-qIg', 2.7740386579156584, 38),
(367, 'S_Del_Time', 'YNQgak-ZLtYJQxlDwN-qIg', 2.1752501076463457, 90),
(368, 'O_Payment', 'YNQgak-ZLtYJQxlDwN-qIg', 2.3729560662012115, 23),
(369, 'F_Ingredients', 'YNQgak-ZLtYJQxlDwN-qIg', 2.3115807384983205, 49),
(370, 'F_FoodItem', 'YNQgak-ZLtYJQxlDwN-qIg', 1.3229153586306235, 577),
(371, 'S_Staff', 'YNQgak-ZLtYJQxlDwN-qIg', 2.3166215052888224, 87),
(372, 'A_Fur_Table', 'YNQgak-ZLtYJQxlDwN-qIg', 2.3234541996965445, 18),
(373, 'O_Experience', 'YNQgak-ZLtYJQxlDwN-qIg', 2.605384932448192, 51),
(374, 'F_Drinks', 'YNQgak-ZLtYJQxlDwN-qIg', 2.247498300063506, 47),
(375, 'F_Dessert', 'YNQgak-ZLtYJQxlDwN-qIg', 2.3420135972396428, 103),
(376, 'Service', 'YNQgak-ZLtYJQxlDwN-qIg', 2.7571045245582178, 31),
(377, 'F_FI_Taste', 'YNQgak-ZLtYJQxlDwN-qIg', 2.704952421520722, 70),
(378, 'F_Appetizer', 'YNQgak-ZLtYJQxlDwN-qIg', 2.484585551875029, 17),
(379, 'A_Plc_Bar', 'YNQgak-ZLtYJQxlDwN-qIg', 3.1009693643653113, 14),
(380, 'Worthiness', 'YNQgak-ZLtYJQxlDwN-qIg', 3.6752514935560634, 8),
(381, 'O_Exp_StarsByCus', 'YNQgak-ZLtYJQxlDwN-qIg', 2.3892107104247797, 19),
(382, 'F_FI_Price', 'YNQgak-ZLtYJQxlDwN-qIg', 2.9830964250014005, 13),
(383, 'Restaurant', 'YNQgak-ZLtYJQxlDwN-qIg', 2.080111337308855, 144),
(384, 'W_Price', 'YNQgak-ZLtYJQxlDwN-qIg', 2.904110643458587, 57),
(385, 'Offers', 'YNQgak-ZLtYJQxlDwN-qIg', 2.823080239192993, 6),
(386, 'A_Entertainment', 'YNQgak-ZLtYJQxlDwN-qIg', 2.3002514935560625, 8),
(387, 'S_Del_OrderingMethod', 'YNQgak-ZLtYJQxlDwN-qIg', 2.545745397210098, 24),
(388, 'S_Cutlery', 'YNQgak-ZLtYJQxlDwN-qIg', 2.2678986441409887, 18),
(389, 'F_FI_Quality', 'YNQgak-ZLtYJQxlDwN-qIg', 2.905617605284078, 38),
(390, 'A_Env_AC', 'YNQgak-ZLtYJQxlDwN-qIg', 3.902, 1),
(391, 'A_Plc_DiningRoom', 'YNQgak-ZLtYJQxlDwN-qIg', 3.1564135725263265, 6),
(392, 'F_FI_CookingLevel', 'YNQgak-ZLtYJQxlDwN-qIg', 2.823454199696545, 18),
(393, 'O_Pay_Price', 'YNQgak-ZLtYJQxlDwN-qIg', 2.6564135725263265, 6),
(394, 'S_OpenHours', 'YNQgak-ZLtYJQxlDwN-qIg', 2.3817035354437186, 2),
(395, 'S_Stf_Behavior', 'YNQgak-ZLtYJQxlDwN-qIg', 3.3453346609387222, 9),
(396, 'F_FI_Healthy', 'YNQgak-ZLtYJQxlDwN-qIg', 3.4022679155457354, 15),
(397, 'A_Environment', 'YNQgak-ZLtYJQxlDwN-qIg', 3.0357062859901416, 5),
(398, 'A_OutsideView', 'YNQgak-ZLtYJQxlDwN-qIg', 3.8817035354437186, 2),
(399, 'F_FI_Size', 'YNQgak-ZLtYJQxlDwN-qIg', 2.900890216494278, 9),
(400, 'S_Delivery', 'YNQgak-ZLtYJQxlDwN-qIg', 2.5502514935560625, 8),
(401, 'A_Decor', 'YNQgak-ZLtYJQxlDwN-qIg', 3.156787533029878, 18),
(402, 'Ambience', 'YNQgak-ZLtYJQxlDwN-qIg', 2.849416522936422, 4),
(403, 'A_LocatedArea', 'YNQgak-ZLtYJQxlDwN-qIg', 2.4357062859901415, 5),
(404, 'A_Env_Type', 'YNQgak-ZLtYJQxlDwN-qIg', 2.8817035354437186, 2),
(405, 'A_Furniture', 'YNQgak-ZLtYJQxlDwN-qIg', 2.5312220305818958, 3),
(406, 'A_Places', 'YNQgak-ZLtYJQxlDwN-qIg', 3.3817035354437186, 2),
(407, 'F_FI_Religious', 'YNQgak-ZLtYJQxlDwN-qIg', 2.902, 1),
(408, 'Food', 'rBPQuQgTcMtUq5-RYhY2uQ', 1.6979538382008685, 252),
(409, 'F_FI_Size', 'rBPQuQgTcMtUq5-RYhY2uQ', 2.4897469058596595, 6),
(410, 'F_FI_Quality', 'rBPQuQgTcMtUq5-RYhY2uQ', 2.652368605161622, 19),
(411, 'S_OpenHours', 'rBPQuQgTcMtUq5-RYhY2uQ', 2.8645553639152292, 3),
(412, 'W_Price', 'rBPQuQgTcMtUq5-RYhY2uQ', 3.1478367087240433, 20),
(413, 'S_Delivery', 'rBPQuQgTcMtUq5-RYhY2uQ', 2.0357062859901416, 5),
(414, 'S_Del_OrderingMethod', 'rBPQuQgTcMtUq5-RYhY2uQ', 2.2161208920267037, 32),
(415, 'F_Ingredients', 'rBPQuQgTcMtUq5-RYhY2uQ', 2.6580071392580864, 26),
(416, 'F_FoodItem', 'rBPQuQgTcMtUq5-RYhY2uQ', 1.5448147424098586, 301),
(417, 'S_Menu', 'rBPQuQgTcMtUq5-RYhY2uQ', 2.955173787169147, 17),
(418, 'Restaurant', 'rBPQuQgTcMtUq5-RYhY2uQ', 2.268895668146469, 115),
(419, 'S_Del_Time', 'rBPQuQgTcMtUq5-RYhY2uQ', 2.1759518533379265, 67),
(420, 'Worthiness', 'rBPQuQgTcMtUq5-RYhY2uQ', 2.5312220305818958, 3),
(421, 'A_Fur_Table', 'rBPQuQgTcMtUq5-RYhY2uQ', 2.4314426937970115, 28),
(422, 'S_Staff', 'rBPQuQgTcMtUq5-RYhY2uQ', 2.1227255049228164, 82),
(423, 'S_Cutlery', 'rBPQuQgTcMtUq5-RYhY2uQ', 2.4277997958344737, 12),
(424, 'F_Drinks', 'rBPQuQgTcMtUq5-RYhY2uQ', 2.297772474948269, 37),
(425, 'A_Entertainment', 'rBPQuQgTcMtUq5-RYhY2uQ', 2.099416522936422, 4),
(426, 'F_Dessert', 'rBPQuQgTcMtUq5-RYhY2uQ', 2.332009419452673, 43),
(427, 'A_Plc_Bar', 'rBPQuQgTcMtUq5-RYhY2uQ', 2.9897469058596595, 6),
(428, 'A_Decor', 'rBPQuQgTcMtUq5-RYhY2uQ', 2.6798108737752, 10),
(429, 'O_Exp_StarsByCus', 'rBPQuQgTcMtUq5-RYhY2uQ', 2.823080239192993, 6),
(430, 'O_Experience', 'rBPQuQgTcMtUq5-RYhY2uQ', 2.4629054943158626, 35),
(431, 'F_FI_Taste', 'rBPQuQgTcMtUq5-RYhY2uQ', 2.8077386748968634, 23),
(432, 'F_Appetizer', 'rBPQuQgTcMtUq5-RYhY2uQ', 2.6798108737752, 10),
(433, 'A_LocatedArea', 'rBPQuQgTcMtUq5-RYhY2uQ', 1.902, 1),
(434, 'F_FI_Healthy', 'rBPQuQgTcMtUq5-RYhY2uQ', 2.3453346609387222, 9),
(435, 'F_FI_CookingLevel', 'rBPQuQgTcMtUq5-RYhY2uQ', 2.5434090812867933, 17),
(436, 'Offers', 'rBPQuQgTcMtUq5-RYhY2uQ', 2.3817035354437186, 2),
(437, 'Service', 'rBPQuQgTcMtUq5-RYhY2uQ', 3.133916318936107, 11),
(438, 'S_Stf_Experience', 'rBPQuQgTcMtUq5-RYhY2uQ', 2.902, 1),
(439, 'A_Environment', 'rBPQuQgTcMtUq5-RYhY2uQ', 2.8817035354437186, 2),
(440, 'A_OutsideView', 'rBPQuQgTcMtUq5-RYhY2uQ', 3.099416522936422, 4),
(441, 'O_Payment', 'rBPQuQgTcMtUq5-RYhY2uQ', 2.9897469058596595, 6),
(442, 'Ambience', 'rBPQuQgTcMtUq5-RYhY2uQ', 3.599416522936422, 4),
(443, 'F_FI_Price', 'rBPQuQgTcMtUq5-RYhY2uQ', 3.3817035354437186, 2),
(444, 'A_Places', 'rBPQuQgTcMtUq5-RYhY2uQ', 3.8817035354437186, 2),
(445, 'A_Env_Size', 'rBPQuQgTcMtUq5-RYhY2uQ', 2.902, 1),
(446, 'S_Stf_Behavior', 'rBPQuQgTcMtUq5-RYhY2uQ', 2.8817035354437186, 2),
(447, 'A_Plc_RestRoom', 'rBPQuQgTcMtUq5-RYhY2uQ', 2.3817035354437186, 2),
(448, 'A_Places', 'xfwRO04KbAPw_zRotCfWQQ', 2.4573636705503703, 48),
(449, 'Food', 'xfwRO04KbAPw_zRotCfWQQ', 1.832152095327177, 255),
(450, 'Restaurant', 'xfwRO04KbAPw_zRotCfWQQ', 1.8496799109008153, 189),
(451, 'S_Staff', 'xfwRO04KbAPw_zRotCfWQQ', 2.0311937850932593, 127),
(452, 'F_FI_Size', 'xfwRO04KbAPw_zRotCfWQQ', 2.5385855509398687, 28),
(453, 'S_Cutlery', 'xfwRO04KbAPw_zRotCfWQQ', 2.447836708724043, 20),
(454, 'F_FoodItem', 'xfwRO04KbAPw_zRotCfWQQ', 1.4891853136212805, 383),
(455, 'S_Delivery', 'xfwRO04KbAPw_zRotCfWQQ', 2.3049524215207233, 70),
(456, 'F_Ingredients', 'xfwRO04KbAPw_zRotCfWQQ', 2.1623566696844216, 73),
(457, 'S_Del_Time', 'xfwRO04KbAPw_zRotCfWQQ', 2.014066144405772, 119),
(458, 'A_Plc_Bathroom', 'xfwRO04KbAPw_zRotCfWQQ', 2.902, 1),
(459, 'O_Experience', 'xfwRO04KbAPw_zRotCfWQQ', 2.404541319388973, 40),
(460, 'A_Fur_Table', 'xfwRO04KbAPw_zRotCfWQQ', 2.4295413193889734, 40),
(461, 'A_OutsideView', 'xfwRO04KbAPw_zRotCfWQQ', 3.099416522936422, 4),
(462, 'A_Decor', 'xfwRO04KbAPw_zRotCfWQQ', 2.511133129167806, 12),
(463, 'A_LocatedArea', 'xfwRO04KbAPw_zRotCfWQQ', 2.3978367087240433, 20),
(464, 'Service', 'xfwRO04KbAPw_zRotCfWQQ', 2.8759255329352627, 34),
(465, 'F_Drinks', 'xfwRO04KbAPw_zRotCfWQQ', 2.4781970038837042, 48),
(466, 'F_FI_Taste', 'xfwRO04KbAPw_zRotCfWQQ', 2.6086943008665324, 62),
(467, 'A_Env_Size', 'xfwRO04KbAPw_zRotCfWQQ', 2.3817035354437186, 2),
(468, 'W_Price', 'xfwRO04KbAPw_zRotCfWQQ', 2.8234541996965445, 18),
(469, 'O_Payment', 'xfwRO04KbAPw_zRotCfWQQ', 2.1978886972485623, 3),
(470, 'A_Entertainment', 'xfwRO04KbAPw_zRotCfWQQ', 2.3817035354437186, 2),
(471, 'A_Plc_Kitchen', 'xfwRO04KbAPw_zRotCfWQQ', 2.8817035354437186, 2),
(472, 'A_Environment', 'xfwRO04KbAPw_zRotCfWQQ', 3.0357062859901416, 5),
(473, 'F_FI_CookingLevel', 'xfwRO04KbAPw_zRotCfWQQ', 2.4314426937970133, 28),
(474, 'F_Appetizer', 'xfwRO04KbAPw_zRotCfWQQ', 2.3790787305434318, 24),
(475, 'F_FI_Price', 'xfwRO04KbAPw_zRotCfWQQ', 2.849416522936422, 4),
(476, 'S_Menu', 'xfwRO04KbAPw_zRotCfWQQ', 2.9151261708241267, 16),
(477, 'A_Env_Type', 'xfwRO04KbAPw_zRotCfWQQ', 3.1564135725263265, 6),
(478, 'S_Stf_Behavior', 'xfwRO04KbAPw_zRotCfWQQ', 3.6684568295248035, 7),
(479, 'F_FI_Quality', 'xfwRO04KbAPw_zRotCfWQQ', 2.261133129167806, 12),
(480, 'S_Parking', 'xfwRO04KbAPw_zRotCfWQQ', 3.3817035354437186, 2),
(481, 'F_Dessert', 'xfwRO04KbAPw_zRotCfWQQ', 2.8817035354437186, 2),
(482, 'O_Pay_Price', 'xfwRO04KbAPw_zRotCfWQQ', 1.8817035354437184, 2),
(483, 'O_Exp_StarsByCus', 'xfwRO04KbAPw_zRotCfWQQ', 2.6752514935560634, 8),
(484, 'A_Plc_DiningRoom', 'xfwRO04KbAPw_zRotCfWQQ', 2.5312220305818958, 3),
(485, 'F_FI_Religious', 'xfwRO04KbAPw_zRotCfWQQ', 3.3817035354437186, 2),
(486, 'S_Del_OrderingMethod', 'xfwRO04KbAPw_zRotCfWQQ', 2.8817035354437186, 2),
(487, 'S_Gift', 'xfwRO04KbAPw_zRotCfWQQ', 2.8645553639152292, 3),
(488, 'Offers', 'xfwRO04KbAPw_zRotCfWQQ', 2.5312220305818958, 3),
(489, 'S_Stf_Appearance', 'xfwRO04KbAPw_zRotCfWQQ', 3.902, 1),
(490, 'A_Furniture', 'xfwRO04KbAPw_zRotCfWQQ', 2.5312220305818958, 3),
(491, 'A_Plc_Bar', 'xfwRO04KbAPw_zRotCfWQQ', 2.1978886972485623, 3),
(492, 'A_Plc_Patio', 'xfwRO04KbAPw_zRotCfWQQ', 2.902, 1),
(493, 'F_FI_Healthy', 'xfwRO04KbAPw_zRotCfWQQ', 3.902, 1),
(494, 'S_OpenHours', 'xfwRO04KbAPw_zRotCfWQQ', 1.902, 1),
(495, 'Worthiness', 'xfwRO04KbAPw_zRotCfWQQ', 3.902, 1),
(496, 'F_Appetizer', 'YrIfgzLj0DPStJ1ESAS_Qg', 2.900890216494278, 9),
(497, 'F_FoodItem', 'YrIfgzLj0DPStJ1ESAS_Qg', 1.598456702631847, 278),
(498, 'F_FI_Size', 'YrIfgzLj0DPStJ1ESAS_Qg', 2.8658173187232956, 22),
(499, 'S_Delivery', 'YrIfgzLj0DPStJ1ESAS_Qg', 2.281808453665622, 41),
(500, 'F_Ingredients', 'YrIfgzLj0DPStJ1ESAS_Qg', 2.356441732625784, 77),
(501, 'Food', 'YrIfgzLj0DPStJ1ESAS_Qg', 2.499141372372026, 53),
(502, 'A_Fur_Table', 'YrIfgzLj0DPStJ1ESAS_Qg', 2.5476355005414777, 22),
(503, 'F_FI_CookingLevel', 'YrIfgzLj0DPStJ1ESAS_Qg', 3.1231124387165, 9),
(504, 'A_OutsideView', 'YrIfgzLj0DPStJ1ESAS_Qg', 2.3817035354437186, 2),
(505, 'F_FI_Taste', 'YrIfgzLj0DPStJ1ESAS_Qg', 2.826324829496358, 56),
(506, 'Restaurant', 'YrIfgzLj0DPStJ1ESAS_Qg', 2.235981735477013, 124),
(507, 'W_Price', 'YrIfgzLj0DPStJ1ESAS_Qg', 2.458112221508168, 14),
(508, 'S_OpenHours', 'YrIfgzLj0DPStJ1ESAS_Qg', 2.8817035354437186, 2),
(509, 'F_FI_Price', 'YrIfgzLj0DPStJ1ESAS_Qg', 2.5312220305818958, 3),
(510, 'O_Exp_StarsByCus', 'YrIfgzLj0DPStJ1ESAS_Qg', 2.811313972381947, 7),
(511, 'A_Environment', 'YrIfgzLj0DPStJ1ESAS_Qg', 3.599416522936422, 4),
(512, 'S_Staff', 'YrIfgzLj0DPStJ1ESAS_Qg', 2.17230654795702, 61),
(513, 'S_Stf_Behavior', 'YrIfgzLj0DPStJ1ESAS_Qg', 2.8798108737752, 10),
(514, 'F_Drinks', 'YrIfgzLj0DPStJ1ESAS_Qg', 2.6651261708241267, 16),
(515, 'S_Parking', 'YrIfgzLj0DPStJ1ESAS_Qg', 2.0357062859901416, 5),
(516, 'A_Env_Type', 'YrIfgzLj0DPStJ1ESAS_Qg', 2.599416522936422, 4),
(517, 'S_Del_Time', 'YrIfgzLj0DPStJ1ESAS_Qg', 2.3212683982269517, 60),
(518, 'Offers', 'YrIfgzLj0DPStJ1ESAS_Qg', 3.099416522936422, 4),
(519, 'O_Experience', 'YrIfgzLj0DPStJ1ESAS_Qg', 2.8369986178994444, 27),
(520, 'A_Entertainment', 'YrIfgzLj0DPStJ1ESAS_Qg', 2.8645553639152292, 3),
(521, 'S_Menu', 'YrIfgzLj0DPStJ1ESAS_Qg', 2.3444664625011398, 12),
(522, 'Service', 'YrIfgzLj0DPStJ1ESAS_Qg', 3.102626170824127, 16),
(523, 'S_Cutlery', 'YrIfgzLj0DPStJ1ESAS_Qg', 2.4357062859901415, 5),
(524, 'A_LocatedArea', 'YrIfgzLj0DPStJ1ESAS_Qg', 2.425251493556063, 8),
(525, 'Worthiness', 'YrIfgzLj0DPStJ1ESAS_Qg', 3.902, 1),
(526, 'O_Payment', 'YrIfgzLj0DPStJ1ESAS_Qg', 2.6357062859901417, 5),
(527, 'F_FI_Quality', 'YrIfgzLj0DPStJ1ESAS_Qg', 2.3817035354437186, 2),
(528, 'A_Decor', 'YrIfgzLj0DPStJ1ESAS_Qg', 3.3817035354437186, 2),
(529, 'A_Places', 'YrIfgzLj0DPStJ1ESAS_Qg', 1.902, 1),
(530, 'F_FI_Healthy', 'YrIfgzLj0DPStJ1ESAS_Qg', 3.599416522936422, 4),
(531, 'Ambience', 'YrIfgzLj0DPStJ1ESAS_Qg', 2.8817035354437186, 2),
(532, 'A_Furniture', 'YrIfgzLj0DPStJ1ESAS_Qg', 3.3817035354437186, 2),
(533, 'S_Stf_Experience', 'YrIfgzLj0DPStJ1ESAS_Qg', 2.902, 1),
(534, 'O_Reservation', 'YrIfgzLj0DPStJ1ESAS_Qg', 2.902, 1),
(535, 'F_FoodItem', '2e2e7WgqU1BnpxmQL5jbfw', 0.7379265774662342, 1162),
(536, 'Worthiness', '2e2e7WgqU1BnpxmQL5jbfw', 3.849416522936422, 4),
(537, 'F_FI_CookingLevel', '2e2e7WgqU1BnpxmQL5jbfw', 2.5247440373062964, 89),
(538, 'S_Delivery', '2e2e7WgqU1BnpxmQL5jbfw', 2.4296831966215073, 67),
(539, 'Food', '2e2e7WgqU1BnpxmQL5jbfw', 2.269870545414927, 141),
(540, 'S_Del_Time', '2e2e7WgqU1BnpxmQL5jbfw', 2.1695063164765642, 132),
(541, 'Restaurant', '2e2e7WgqU1BnpxmQL5jbfw', 1.8548223327098905, 321),
(542, 'F_Appetizer', '2e2e7WgqU1BnpxmQL5jbfw', 2.156513419852676, 86),
(543, 'F_Ingredients', '2e2e7WgqU1BnpxmQL5jbfw', 2.1899711307346412, 95),
(544, 'F_Dessert', '2e2e7WgqU1BnpxmQL5jbfw', 2.8645553639152292, 3),
(545, 'F_FI_Price', '2e2e7WgqU1BnpxmQL5jbfw', 2.638544591450568, 22),
(546, 'S_Staff', '2e2e7WgqU1BnpxmQL5jbfw', 2.419915498696488, 98),
(547, 'S_Del_OrderingMethod', '2e2e7WgqU1BnpxmQL5jbfw', 2.4614914528070884, 36),
(548, 'A_Entertainment', '2e2e7WgqU1BnpxmQL5jbfw', 2.4527448455416767, 21),
(549, 'O_Experience', '2e2e7WgqU1BnpxmQL5jbfw', 2.345364884910975, 71),
(550, 'F_Drinks', '2e2e7WgqU1BnpxmQL5jbfw', 2.432907610083403, 37),
(551, 'F_FI_Taste', '2e2e7WgqU1BnpxmQL5jbfw', 2.613370857150174, 143),
(552, 'O_Exp_StarsByCus', '2e2e7WgqU1BnpxmQL5jbfw', 2.5479829407797716, 21),
(553, 'F_FI_Quality', '2e2e7WgqU1BnpxmQL5jbfw', 2.965699446950394, 26),
(554, 'Service', '2e2e7WgqU1BnpxmQL5jbfw', 2.6643155813216937, 25),
(555, 'A_Fur_Table', '2e2e7WgqU1BnpxmQL5jbfw', 2.6754041173090926, 13),
(556, 'A_LocatedArea', '2e2e7WgqU1BnpxmQL5jbfw', 2.6518134327142593, 27),
(557, 'A_Decor', '2e2e7WgqU1BnpxmQL5jbfw', 2.4975526825724703, 11),
(558, 'F_FI_Size', '2e2e7WgqU1BnpxmQL5jbfw', 2.8478367087240435, 20),
(559, 'W_Price', '2e2e7WgqU1BnpxmQL5jbfw', 2.954865390937117, 45),
(560, 'S_Menu', '2e2e7WgqU1BnpxmQL5jbfw', 2.584315581321694, 25),
(561, 'Offers', '2e2e7WgqU1BnpxmQL5jbfw', 3.8645553639152292, 3),
(562, 'S_Parking', '2e2e7WgqU1BnpxmQL5jbfw', 2.902, 1),
(563, 'A_Plc_Bar', '2e2e7WgqU1BnpxmQL5jbfw', 2.8645553639152292, 3),
(564, 'F_FI_Healthy', '2e2e7WgqU1BnpxmQL5jbfw', 3.1339163189361057, 11),
(565, 'A_Places', '2e2e7WgqU1BnpxmQL5jbfw', 2.789779105383167, 9),
(566, 'O_Payment', '2e2e7WgqU1BnpxmQL5jbfw', 2.8002514935560625, 8),
(567, 'S_OpenHours', '2e2e7WgqU1BnpxmQL5jbfw', 3.3798108737752006, 10),
(568, 'S_Stf_Behavior', '2e2e7WgqU1BnpxmQL5jbfw', 3.599416522936422, 4),
(569, 'A_OutsideView', '2e2e7WgqU1BnpxmQL5jbfw', 3.349416522936422, 4),
(570, 'A_Environment', '2e2e7WgqU1BnpxmQL5jbfw', 2.8817035354437186, 2),
(571, 'A_Plc_DiningRoom', '2e2e7WgqU1BnpxmQL5jbfw', 2.5312220305818958, 3),
(572, 'S_Stf_Experience', '2e2e7WgqU1BnpxmQL5jbfw', 1.902, 1),
(573, 'F_FI_Religious', '2e2e7WgqU1BnpxmQL5jbfw', 1.902, 1),
(574, 'S_Cutlery', '2e2e7WgqU1BnpxmQL5jbfw', 2.902, 1),
(575, 'A_Env_Type', '2e2e7WgqU1BnpxmQL5jbfw', 2.8817035354437186, 2),
(576, 'A_Furniture', '2e2e7WgqU1BnpxmQL5jbfw', 2.902, 1),
(577, 'W_Waiting', '2e2e7WgqU1BnpxmQL5jbfw', 3.902, 1),
(578, 'S_Staff', 'vxxMqBaAHuWdx4impsLSSA', 2.2101372957332637, 89),
(579, 'F_FoodItem', 'vxxMqBaAHuWdx4impsLSSA', 1.5582683704235412, 415),
(580, 'Food', 'vxxMqBaAHuWdx4impsLSSA', 1.7591773729181783, 351),
(581, 'W_Price', 'vxxMqBaAHuWdx4impsLSSA', 2.7187806040353464, 44),
(582, 'S_Del_OrderingMethod', 'vxxMqBaAHuWdx4impsLSSA', 2.328413754654428, 54),
(583, 'F_FI_Quality', 'vxxMqBaAHuWdx4impsLSSA', 2.767898644140989, 18),
(584, 'F_Dessert', 'vxxMqBaAHuWdx4impsLSSA', 2.517912582064302, 81),
(585, 'A_Plc_Bar', 'vxxMqBaAHuWdx4impsLSSA', 2.729453682359659, 22),
(586, 'O_Experience', 'vxxMqBaAHuWdx4impsLSSA', 3.0221838030846286, 27),
(587, 'F_FI_Price', 'vxxMqBaAHuWdx4impsLSSA', 2.5312220305818958, 3),
(588, 'F_FI_Taste', 'vxxMqBaAHuWdx4impsLSSA', 2.9233260585808027, 44),
(589, 'F_FI_Healthy', 'vxxMqBaAHuWdx4impsLSSA', 3.239885400953376, 7),
(590, 'F_Drinks', 'vxxMqBaAHuWdx4impsLSSA', 1.8278648409351486, 130),
(591, 'A_Fur_Table', 'vxxMqBaAHuWdx4impsLSSA', 2.3978367087240433, 20),
(592, 'Restaurant', 'vxxMqBaAHuWdx4impsLSSA', 2.0311781353222353, 153),
(593, 'O_Exp_StarsByCus', 'vxxMqBaAHuWdx4impsLSSA', 2.4252514935560625, 8),
(594, 'S_Del_Time', 'vxxMqBaAHuWdx4impsLSSA', 2.1011063700299184, 101),
(595, 'Service', 'vxxMqBaAHuWdx4impsLSSA', 3.262268655065485, 21),
(596, 'A_Plc_DiningRoom', 'vxxMqBaAHuWdx4impsLSSA', 2.099416522936422, 4),
(597, 'A_Decor', 'vxxMqBaAHuWdx4impsLSSA', 2.952098137117925, 11),
(598, 'S_Menu', 'vxxMqBaAHuWdx4impsLSSA', 2.72945368235966, 22),
(599, 'Offers', 'vxxMqBaAHuWdx4impsLSSA', 2.8817035354437186, 2),
(600, 'F_Ingredients', 'vxxMqBaAHuWdx4impsLSSA', 2.799961580862407, 27),
(601, 'F_Appetizer', 'vxxMqBaAHuWdx4impsLSSA', 2.95417111523909, 7),
(602, 'Worthiness', 'vxxMqBaAHuWdx4impsLSSA', 3.849416522936422, 4),
(603, 'A_Env_Type', 'vxxMqBaAHuWdx4impsLSSA', 2.1978886972485623, 3),
(604, 'F_FI_Size', 'vxxMqBaAHuWdx4impsLSSA', 2.9061733480783234, 13),
(605, 'A_Entertainment', 'vxxMqBaAHuWdx4impsLSSA', 2.6754041173090926, 13),
(606, 'O_Pay_Price', 'vxxMqBaAHuWdx4impsLSSA', 2.5312220305818958, 3),
(607, 'A_Places', 'vxxMqBaAHuWdx4impsLSSA', 2.8817035354437186, 2),
(608, 'A_Environment', 'vxxMqBaAHuWdx4impsLSSA', 2.8357062859901414, 5),
(609, 'Ambience', 'vxxMqBaAHuWdx4impsLSSA', 3.8817035354437186, 2),
(610, 'S_OpenHours', 'vxxMqBaAHuWdx4impsLSSA', 2.3230802391929926, 6),
(611, 'F_FI_CookingLevel', 'vxxMqBaAHuWdx4impsLSSA', 2.2342235498276115, 9),
(612, 'O_Payment', 'vxxMqBaAHuWdx4impsLSSA', 2.668456829524805, 7),
(613, 'A_LocatedArea', 'vxxMqBaAHuWdx4impsLSSA', 2.6564135725263265, 6),
(614, 'S_Cutlery', 'vxxMqBaAHuWdx4impsLSSA', 2.4446348865398617, 13),
(615, 'S_Delivery', 'vxxMqBaAHuWdx4impsLSSA', 2.6357062859901417, 5),
(616, 'A_Furniture', 'vxxMqBaAHuWdx4impsLSSA', 2.8817035354437186, 2),
(617, 'W_Waiting', 'vxxMqBaAHuWdx4impsLSSA', 2.902, 1),
(618, 'S_Stf_Behavior', 'vxxMqBaAHuWdx4impsLSSA', 3.6357062859901417, 5),
(619, 'S_Stf_Availability', 'vxxMqBaAHuWdx4impsLSSA', 2.902, 1),
(620, 'O_Reservation', 'vxxMqBaAHuWdx4impsLSSA', 1.864555363915229, 3),
(621, 'Food', 'Xhg93cMdemu5pAMkDoEdtQ', 1.6383482620860632, 356),
(622, 'O_Experience', 'Xhg93cMdemu5pAMkDoEdtQ', 2.390666707235008, 70),
(623, 'S_Del_Time', 'Xhg93cMdemu5pAMkDoEdtQ', 1.9044721563657425, 179),
(624, 'Restaurant', 'Xhg93cMdemu5pAMkDoEdtQ', 1.8066521555487758, 276),
(625, 'S_Delivery', 'Xhg93cMdemu5pAMkDoEdtQ', 2.119378829961768, 110),
(626, 'S_Staff', 'Xhg93cMdemu5pAMkDoEdtQ', 1.8193804050381523, 223),
(627, 'A_Plc_Bar', 'Xhg93cMdemu5pAMkDoEdtQ', 2.4581122215081685, 14),
(628, 'S_Del_OrderingMethod', 'Xhg93cMdemu5pAMkDoEdtQ', 3.2357062859901418, 5),
(629, 'A_Fur_Table', 'Xhg93cMdemu5pAMkDoEdtQ', 2.1621373882011183, 75),
(630, 'Service', 'Xhg93cMdemu5pAMkDoEdtQ', 2.5321174583581327, 54),
(631, 'F_FI_Taste', 'Xhg93cMdemu5pAMkDoEdtQ', 2.7178412379036496, 79),
(632, 'A_OutsideView', 'Xhg93cMdemu5pAMkDoEdtQ', 2.4525401609826956, 41),
(633, 'F_FoodItem', 'Xhg93cMdemu5pAMkDoEdtQ', 1.311054031528707, 528),
(634, 'W_Price', 'Xhg93cMdemu5pAMkDoEdtQ', 2.465514152230516, 57),
(635, 'A_LocatedArea', 'Xhg93cMdemu5pAMkDoEdtQ', 2.5041609854119335, 26),
(636, 'F_FI_CookingLevel', 'Xhg93cMdemu5pAMkDoEdtQ', 1.9299218573978354, 263),
(637, 'F_Appetizer', 'Xhg93cMdemu5pAMkDoEdtQ', 2.5043155813216935, 25),
(638, 'F_Ingredients', 'Xhg93cMdemu5pAMkDoEdtQ', 2.2339619647803524, 81),
(639, 'S_Cutlery', 'Xhg93cMdemu5pAMkDoEdtQ', 2.4357062859901415, 5),
(640, 'F_Dessert', 'Xhg93cMdemu5pAMkDoEdtQ', 2.385421302055382, 61),
(641, 'O_Payment', 'Xhg93cMdemu5pAMkDoEdtQ', 2.7276261708241263, 16),
(642, 'A_Places', 'Xhg93cMdemu5pAMkDoEdtQ', 2.733862705628737, 30),
(643, 'F_FI_Size', 'Xhg93cMdemu5pAMkDoEdtQ', 2.4869616641374583, 37),
(644, 'F_Drinks', 'Xhg93cMdemu5pAMkDoEdtQ', 2.018779394963446, 77),
(645, 'O_Reservation', 'Xhg93cMdemu5pAMkDoEdtQ', 3.1978886972485623, 3),
(646, 'S_Stf_Behavior', 'Xhg93cMdemu5pAMkDoEdtQ', 2.7523271942321696, 13),
(647, 'A_Decor', 'Xhg93cMdemu5pAMkDoEdtQ', 2.773391754642702, 26),
(648, 'F_FI_Price', 'Xhg93cMdemu5pAMkDoEdtQ', 2.886683650079597, 14),
(649, 'O_Exp_StarsByCus', 'Xhg93cMdemu5pAMkDoEdtQ', 2.708712043973005, 29),
(650, 'S_OpenHours', 'Xhg93cMdemu5pAMkDoEdtQ', 2.5502514935560625, 8),
(651, 'A_Environment', 'Xhg93cMdemu5pAMkDoEdtQ', 3.1798108737752004, 10),
(652, 'A_Ent_Music', 'Xhg93cMdemu5pAMkDoEdtQ', 2.849416522936422, 4),
(653, 'Offers', 'Xhg93cMdemu5pAMkDoEdtQ', 2.177799795834473, 12),
(654, 'A_Plc_DiningRoom', 'Xhg93cMdemu5pAMkDoEdtQ', 2.849416522936422, 4),
(655, 'S_Menu', 'Xhg93cMdemu5pAMkDoEdtQ', 2.4661208920267037, 32),
(656, 'O_Pay_Price', 'Xhg93cMdemu5pAMkDoEdtQ', 2.3817035354437186, 2),
(657, 'A_Plc_Patio', 'Xhg93cMdemu5pAMkDoEdtQ', 2.7611331291678063, 12),
(658, 'Ambience', 'Xhg93cMdemu5pAMkDoEdtQ', 2.9776261708241263, 16),
(659, 'A_Plc_Kitchen', 'Xhg93cMdemu5pAMkDoEdtQ', 2.3817035354437186, 2),
(660, 'Worthiness', 'Xhg93cMdemu5pAMkDoEdtQ', 3.849416522936422, 4),
(661, 'A_Furniture', 'Xhg93cMdemu5pAMkDoEdtQ', 2.7611331291678063, 12),
(662, 'A_Env_Type', 'Xhg93cMdemu5pAMkDoEdtQ', 3.456445772049834, 9),
(663, 'F_FI_Religious', 'Xhg93cMdemu5pAMkDoEdtQ', 2.8817035354437186, 2),
(664, 'A_Plc_Bathroom', 'Xhg93cMdemu5pAMkDoEdtQ', 2.599416522936422, 4),
(665, 'S_Parking', 'Xhg93cMdemu5pAMkDoEdtQ', 2.1978886972485623, 3),
(666, 'Opinion', 'Xhg93cMdemu5pAMkDoEdtQ', 3.902, 1),
(667, 'S_Stf_Experience', 'Xhg93cMdemu5pAMkDoEdtQ', 3.902, 1),
(668, 'F_FI_Healthy', 'Xhg93cMdemu5pAMkDoEdtQ', 3.3817035354437186, 2),
(669, 'F_FI_Quality', 'Xhg93cMdemu5pAMkDoEdtQ', 3.5312220305818958, 3),
(670, 'S_Gift', 'Xhg93cMdemu5pAMkDoEdtQ', 2.902, 1),
(671, 'S_Stf_Availability', 'Xhg93cMdemu5pAMkDoEdtQ', 2.902, 1),
(672, 'Restaurant', 'QbmcCE_cLq4WO8ZMKImaLw', 2.0339285226890502, 197),
(673, 'S_Del_Time', 'QbmcCE_cLq4WO8ZMKImaLw', 2.060460199181391, 103),
(674, 'S_Delivery', 'QbmcCE_cLq4WO8ZMKImaLw', 2.2467733356152007, 71),
(675, 'F_FoodItem', 'QbmcCE_cLq4WO8ZMKImaLw', 1.3757019620935067, 457),
(676, 'F_FI_Healthy', 'QbmcCE_cLq4WO8ZMKImaLw', 3.4357062859901415, 5),
(677, 'S_Staff', 'QbmcCE_cLq4WO8ZMKImaLw', 2.270626807524056, 92),
(678, 'F_FI_Taste', 'QbmcCE_cLq4WO8ZMKImaLw', 2.831105231008027, 59),
(679, 'F_Ingredients', 'QbmcCE_cLq4WO8ZMKImaLw', 2.147911489340103, 80),
(680, 'Food', 'QbmcCE_cLq4WO8ZMKImaLw', 1.8531859065002645, 270),
(681, 'S_Cutlery', 'QbmcCE_cLq4WO8ZMKImaLw', 2.4112718641778406, 22),
(682, 'S_Gift', 'QbmcCE_cLq4WO8ZMKImaLw', 3.099416522936422, 4),
(683, 'A_Plc_DiningRoom', 'QbmcCE_cLq4WO8ZMKImaLw', 1.9897469058596595, 6),
(684, 'O_Reservation', 'QbmcCE_cLq4WO8ZMKImaLw', 2.902, 1),
(685, 'A_LocatedArea', 'QbmcCE_cLq4WO8ZMKImaLw', 2.427237908488855, 26),
(686, 'A_Fur_Table', 'QbmcCE_cLq4WO8ZMKImaLw', 2.254541319388974, 40),
(687, 'S_Menu', 'QbmcCE_cLq4WO8ZMKImaLw', 2.4112718641778415, 22),
(688, 'A_Places', 'QbmcCE_cLq4WO8ZMKImaLw', 2.414757823487179, 67),
(689, 'F_FI_Size', 'QbmcCE_cLq4WO8ZMKImaLw', 2.4504531907582514, 42),
(690, 'F_Drinks', 'QbmcCE_cLq4WO8ZMKImaLw', 2.4728646418109776, 55),
(691, 'W_Price', 'QbmcCE_cLq4WO8ZMKImaLw', 3.126052815687938, 19),
(692, 'O_Payment', 'QbmcCE_cLq4WO8ZMKImaLw', 1.8817035354437184, 2),
(693, 'F_Dessert', 'QbmcCE_cLq4WO8ZMKImaLw', 2.823080239192993, 6),
(694, 'F_FI_CookingLevel', 'QbmcCE_cLq4WO8ZMKImaLw', 2.287352072972275, 72),
(695, 'Service', 'QbmcCE_cLq4WO8ZMKImaLw', 2.8219663851698873, 47),
(696, 'F_Appetizer', 'QbmcCE_cLq4WO8ZMKImaLw', 2.379078730543431, 24),
(697, 'A_Plc_Bar', 'QbmcCE_cLq4WO8ZMKImaLw', 2.95417111523909, 7),
(698, 'A_Plc_Kitchen', 'QbmcCE_cLq4WO8ZMKImaLw', 2.4357062859901415, 5),
(699, 'A_Entertainment', 'QbmcCE_cLq4WO8ZMKImaLw', 2.600969364365312, 14),
(700, 'O_Experience', 'QbmcCE_cLq4WO8ZMKImaLw', 2.9771912086015764, 35),
(701, 'F_FI_Quality', 'QbmcCE_cLq4WO8ZMKImaLw', 2.668456829524804, 7),
(702, 'A_Decor', 'QbmcCE_cLq4WO8ZMKImaLw', 2.5944664625011393, 12),
(703, 'Ambience', 'QbmcCE_cLq4WO8ZMKImaLw', 3.1978886972485623, 3),
(704, 'Worthiness', 'QbmcCE_cLq4WO8ZMKImaLw', 3.8645553639152292, 3),
(705, 'F_FI_Religious', 'QbmcCE_cLq4WO8ZMKImaLw', 2.8817035354437186, 2),
(706, 'A_Env_Type', 'QbmcCE_cLq4WO8ZMKImaLw', 2.8357062859901414, 5),
(707, 'S_Stf_Behavior', 'QbmcCE_cLq4WO8ZMKImaLw', 3.1231124387165003, 9),
(708, 'O_Exp_StarsByCus', 'QbmcCE_cLq4WO8ZMKImaLw', 2.811313972381947, 7),
(709, 'S_OpenHours', 'QbmcCE_cLq4WO8ZMKImaLw', 1.849416522936422, 4),
(710, 'S_Parking', 'QbmcCE_cLq4WO8ZMKImaLw', 1.864555363915229, 3),
(711, 'A_OutsideView', 'QbmcCE_cLq4WO8ZMKImaLw', 3.1978886972485623, 3),
(712, 'F_FI_Price', 'QbmcCE_cLq4WO8ZMKImaLw', 3.099416522936422, 4),
(713, 'Opinion', 'QbmcCE_cLq4WO8ZMKImaLw', 1.902, 1),
(714, 'A_Env_Size', 'QbmcCE_cLq4WO8ZMKImaLw', 1.902, 1),
(715, 'O_Pay_Price', 'QbmcCE_cLq4WO8ZMKImaLw', 2.3817035354437186, 2),
(716, 'A_Environment', 'QbmcCE_cLq4WO8ZMKImaLw', 3.2357062859901418, 5),
(717, 'S_Del_OrderingMethod', 'QbmcCE_cLq4WO8ZMKImaLw', 1.902, 1),
(718, 'A_Ent_Tv', 'QbmcCE_cLq4WO8ZMKImaLw', 2.8817035354437186, 2),
(719, 'A_Ent_Music', 'QbmcCE_cLq4WO8ZMKImaLw', 2.3817035354437186, 2),
(720, 'S_Delivery', 'DjOxXobyGDwWt89q4z1twg', 2.5874120638767644, 24),
(721, 'F_FoodItem', 'DjOxXobyGDwWt89q4z1twg', 2.0471724130618574, 231),
(722, 'S_Staff', 'DjOxXobyGDwWt89q4z1twg', 2.5726025639182004, 36),
(723, 'F_FI_Taste', 'DjOxXobyGDwWt89q4z1twg', 3.1045413193889746, 40),
(724, 'F_FI_Healthy', 'DjOxXobyGDwWt89q4z1twg', 3.099416522936422, 4),
(725, 'Restaurant', 'DjOxXobyGDwWt89q4z1twg', 2.2207206189823654, 153),
(726, 'F_FI_CookingLevel', 'DjOxXobyGDwWt89q4z1twg', 2.683713675029312, 36),
(727, 'S_Del_Time', 'DjOxXobyGDwWt89q4z1twg', 2.5240940447443547, 47),
(728, 'Worthiness', 'DjOxXobyGDwWt89q4z1twg', 3.3817035354437186, 2),
(729, 'A_Fur_Table', 'DjOxXobyGDwWt89q4z1twg', 2.7123430885854334, 18),
(730, 'F_FI_Quality', 'DjOxXobyGDwWt89q4z1twg', 3.349416522936422, 4),
(731, 'F_FI_Size', 'DjOxXobyGDwWt89q4z1twg', 2.7702799552997437, 11),
(732, 'F_FI_Price', 'DjOxXobyGDwWt89q4z1twg', 2.849416522936422, 4),
(733, 'O_Exp_StarsByCus', 'DjOxXobyGDwWt89q4z1twg', 2.789779105383167, 9),
(734, 'Food', 'DjOxXobyGDwWt89q4z1twg', 2.6433936838792502, 64),
(735, 'Service', 'DjOxXobyGDwWt89q4z1twg', 3.3242998366541547, 28),
(736, 'F_Ingredients', 'DjOxXobyGDwWt89q4z1twg', 2.688850469751296, 27),
(737, 'S_Menu', 'DjOxXobyGDwWt89q4z1twg', 2.5468691096794718, 23),
(738, 'O_Experience', 'DjOxXobyGDwWt89q4z1twg', 3.212343088585434, 18),
(739, 'F_Appetizer', 'DjOxXobyGDwWt89q4z1twg', 2.656787533029878, 18),
(740, 'A_Plc_Bar', 'DjOxXobyGDwWt89q4z1twg', 2.323080239192993, 6);
INSERT INTO `ratings` (`rating_id`, `aspect_tag`, `restaurant_id`, `score`, `no_of_occurance`) VALUES
(741, 'A_Places', 'DjOxXobyGDwWt89q4z1twg', 3.099416522936422, 4),
(742, 'O_Pay_Price', 'DjOxXobyGDwWt89q4z1twg', 2.902, 1),
(743, 'W_Price', 'DjOxXobyGDwWt89q4z1twg', 3.1012319774743227, 18),
(744, 'A_Env_Size', 'DjOxXobyGDwWt89q4z1twg', 2.849416522936422, 4),
(745, 'A_Plc_Bathroom', 'DjOxXobyGDwWt89q4z1twg', 3.902, 1),
(746, 'A_Decor', 'DjOxXobyGDwWt89q4z1twg', 2.6564135725263265, 6),
(747, 'F_Drinks', 'DjOxXobyGDwWt89q4z1twg', 2.9897469058596595, 6),
(748, 'A_Plc_Kitchen', 'DjOxXobyGDwWt89q4z1twg', 2.3817035354437186, 2),
(749, 'S_Parking', 'DjOxXobyGDwWt89q4z1twg', 2.902, 1),
(750, 'A_LocatedArea', 'DjOxXobyGDwWt89q4z1twg', 2.5312220305818958, 3),
(751, 'Offers', 'DjOxXobyGDwWt89q4z1twg', 2.902, 1),
(752, 'A_OutsideView', 'DjOxXobyGDwWt89q4z1twg', 2.5312220305818958, 3),
(753, 'F_Dessert', 'DjOxXobyGDwWt89q4z1twg', 2.8817035354437186, 2),
(754, 'Ambience', 'DjOxXobyGDwWt89q4z1twg', 2.8817035354437186, 2),
(755, 'O_Payment', 'DjOxXobyGDwWt89q4z1twg', 2.4357062859901415, 5),
(756, 'F_FI_Religious', 'DjOxXobyGDwWt89q4z1twg', 2.902, 1),
(757, 'S_Stf_Behavior', 'DjOxXobyGDwWt89q4z1twg', 2.8817035354437186, 2),
(758, 'A_Environment', 'DjOxXobyGDwWt89q4z1twg', 1.902, 1),
(759, 'A_Env_Type', 'DjOxXobyGDwWt89q4z1twg', 2.3817035354437186, 2),
(760, 'S_Del_OrderingMethod', 'DjOxXobyGDwWt89q4z1twg', 2.902, 1),
(761, 'S_OpenHours', 'DjOxXobyGDwWt89q4z1twg', 2.8817035354437186, 2),
(762, 'Service', 'LCeF1wK5OqP3PPEVBa5Xfw', 3.01069398198466, 33),
(763, 'S_Menu', 'LCeF1wK5OqP3PPEVBa5Xfw', 2.467156979511298, 28),
(764, 'F_FoodItem', 'LCeF1wK5OqP3PPEVBa5Xfw', 1.412694970399308, 463),
(765, 'F_FI_Taste', 'LCeF1wK5OqP3PPEVBa5Xfw', 2.8109624837787845, 46),
(766, 'F_Ingredients', 'LCeF1wK5OqP3PPEVBa5Xfw', 2.247498300063505, 47),
(767, 'Food', 'LCeF1wK5OqP3PPEVBa5Xfw', 2.159839538104278, 159),
(768, 'Restaurant', 'LCeF1wK5OqP3PPEVBa5Xfw', 2.2367266299883783, 152),
(769, 'S_Del_Time', 'LCeF1wK5OqP3PPEVBa5Xfw', 1.9199154986964897, 98),
(770, 'F_FI_CookingLevel', 'LCeF1wK5OqP3PPEVBa5Xfw', 2.5371965526524987, 38),
(771, 'O_Experience', 'LCeF1wK5OqP3PPEVBa5Xfw', 2.4243155813216934, 25),
(772, 'O_Exp_StarsByCus', 'LCeF1wK5OqP3PPEVBa5Xfw', 2.8152550786510258, 14),
(773, 'A_Environment', 'LCeF1wK5OqP3PPEVBa5Xfw', 3.8645553639152292, 3),
(774, 'S_Staff', 'LCeF1wK5OqP3PPEVBa5Xfw', 2.25254562872968, 77),
(775, 'S_Delivery', 'LCeF1wK5OqP3PPEVBa5Xfw', 2.288732349652095, 59),
(776, 'Worthiness', 'LCeF1wK5OqP3PPEVBa5Xfw', 3.097028258096233, 7),
(777, 'F_FI_Size', 'LCeF1wK5OqP3PPEVBa5Xfw', 2.3798108737751997, 10),
(778, 'S_Stf_Behavior', 'LCeF1wK5OqP3PPEVBa5Xfw', 3.0111331291678063, 12),
(779, 'A_Decor', 'LCeF1wK5OqP3PPEVBa5Xfw', 3.0120013276053887, 9),
(780, 'A_Places', 'LCeF1wK5OqP3PPEVBa5Xfw', 2.8817035354437186, 2),
(781, 'F_FI_Quality', 'LCeF1wK5OqP3PPEVBa5Xfw', 2.800251493556063, 8),
(782, 'F_Drinks', 'LCeF1wK5OqP3PPEVBa5Xfw', 2.4295912104920374, 27),
(783, 'A_Fur_Table', 'LCeF1wK5OqP3PPEVBa5Xfw', 2.402265814880798, 31),
(784, 'A_Plc_Kitchen', 'LCeF1wK5OqP3PPEVBa5Xfw', 2.3817035354437186, 2),
(785, 'S_Cutlery', 'LCeF1wK5OqP3PPEVBa5Xfw', 2.811313972381947, 7),
(786, 'F_Dessert', 'LCeF1wK5OqP3PPEVBa5Xfw', 2.6357062859901417, 5),
(787, 'W_Price', 'LCeF1wK5OqP3PPEVBa5Xfw', 3.458112221508169, 14),
(788, 'Offers', 'LCeF1wK5OqP3PPEVBa5Xfw', 2.823080239192993, 6),
(789, 'A_Env_Type', 'LCeF1wK5OqP3PPEVBa5Xfw', 2.6564135725263265, 6),
(790, 'A_Env_Size', 'LCeF1wK5OqP3PPEVBa5Xfw', 3.4564457720498343, 9),
(791, 'A_LocatedArea', 'LCeF1wK5OqP3PPEVBa5Xfw', 3.099416522936422, 4),
(792, 'F_Appetizer', 'LCeF1wK5OqP3PPEVBa5Xfw', 3.0357062859901416, 5),
(793, 'F_FI_Healthy', 'LCeF1wK5OqP3PPEVBa5Xfw', 3.902, 1),
(794, 'Ambience', 'LCeF1wK5OqP3PPEVBa5Xfw', 2.3817035354437186, 2),
(795, 'S_OpenHours', 'LCeF1wK5OqP3PPEVBa5Xfw', 2.599416522936422, 4),
(796, 'S_Parking', 'LCeF1wK5OqP3PPEVBa5Xfw', 2.849416522936422, 4),
(797, 'W_Waiting', 'LCeF1wK5OqP3PPEVBa5Xfw', 3.902, 1),
(798, 'F_FI_Price', 'LCeF1wK5OqP3PPEVBa5Xfw', 3.8817035354437186, 2),
(799, 'A_Entertainment', 'LCeF1wK5OqP3PPEVBa5Xfw', 2.902, 1),
(800, 'O_Payment', 'LCeF1wK5OqP3PPEVBa5Xfw', 2.3817035354437186, 2),
(801, 'F_FI_Religious', 'LCeF1wK5OqP3PPEVBa5Xfw', 2.902, 1),
(802, 'A_Furniture', 'LCeF1wK5OqP3PPEVBa5Xfw', 2.902, 1),
(803, 'F_FoodItem', 'fSs0EdKmLJ7VULejtsi9CQ', 1.4788026728232042, 534),
(804, 'Restaurant', 'fSs0EdKmLJ7VULejtsi9CQ', 2.434234211632663, 119),
(805, 'F_FI_Taste', 'fSs0EdKmLJ7VULejtsi9CQ', 3.0603072040923394, 62),
(806, 'S_Stf_Behavior', 'fSs0EdKmLJ7VULejtsi9CQ', 3.4944738683195173, 19),
(807, 'S_Del_Time', 'fSs0EdKmLJ7VULejtsi9CQ', 2.3854213020553807, 61),
(808, 'Worthiness', 'fSs0EdKmLJ7VULejtsi9CQ', 3.8817035354437186, 2),
(809, 'S_Delivery', 'fSs0EdKmLJ7VULejtsi9CQ', 2.336240974186529, 61),
(810, 'F_Ingredients', 'fSs0EdKmLJ7VULejtsi9CQ', 2.371842299678928, 91),
(811, 'A_Decor', 'fSs0EdKmLJ7VULejtsi9CQ', 2.789779105383167, 9),
(812, 'F_FI_Size', 'fSs0EdKmLJ7VULejtsi9CQ', 2.598481040386015, 13),
(813, 'A_Environment', 'fSs0EdKmLJ7VULejtsi9CQ', 3.6357062859901417, 5),
(814, 'Food', 'fSs0EdKmLJ7VULejtsi9CQ', 2.6308056632019, 90),
(815, 'S_Staff', 'fSs0EdKmLJ7VULejtsi9CQ', 2.3794448149451686, 95),
(816, 'F_FI_Quality', 'fSs0EdKmLJ7VULejtsi9CQ', 3.4418422893721488, 19),
(817, 'A_OutsideView', 'fSs0EdKmLJ7VULejtsi9CQ', 2.849416522936422, 4),
(818, 'F_FI_CookingLevel', 'fSs0EdKmLJ7VULejtsi9CQ', 2.5471054472668855, 19),
(819, 'A_Fur_Table', 'fSs0EdKmLJ7VULejtsi9CQ', 2.849416522936422, 4),
(820, 'O_Experience', 'fSs0EdKmLJ7VULejtsi9CQ', 2.6795413193889734, 40),
(821, 'Service', 'fSs0EdKmLJ7VULejtsi9CQ', 2.7770876131593414, 45),
(822, 'A_Entertainment', 'fSs0EdKmLJ7VULejtsi9CQ', 2.3817035354437186, 2),
(823, 'O_Exp_StarsByCus', 'fSs0EdKmLJ7VULejtsi9CQ', 2.789779105383167, 9),
(824, 'S_Menu', 'fSs0EdKmLJ7VULejtsi9CQ', 2.6723979357938825, 14),
(825, 'F_Appetizer', 'fSs0EdKmLJ7VULejtsi9CQ', 2.406643591663379, 11),
(826, 'F_Drinks', 'fSs0EdKmLJ7VULejtsi9CQ', 2.7798108737752, 10),
(827, 'W_Price', 'fSs0EdKmLJ7VULejtsi9CQ', 3.315255078651025, 14),
(828, 'F_FI_Price', 'fSs0EdKmLJ7VULejtsi9CQ', 2.849416522936422, 4),
(829, 'A_Places', 'fSs0EdKmLJ7VULejtsi9CQ', 2.8645553639152292, 3),
(830, 'F_Dessert', 'fSs0EdKmLJ7VULejtsi9CQ', 2.175251493556063, 8),
(831, 'F_FI_Healthy', 'fSs0EdKmLJ7VULejtsi9CQ', 3.8645553639152292, 3),
(832, 'A_Env_Size', 'fSs0EdKmLJ7VULejtsi9CQ', 3.902, 1),
(833, 'A_Env_Type', 'fSs0EdKmLJ7VULejtsi9CQ', 3.2357062859901418, 5),
(834, 'F_FI_Religious', 'fSs0EdKmLJ7VULejtsi9CQ', 2.8817035354437186, 2),
(835, 'A_Plc_Kitchen', 'fSs0EdKmLJ7VULejtsi9CQ', 2.8817035354437186, 2),
(836, 'S_Stf_Experience', 'fSs0EdKmLJ7VULejtsi9CQ', 2.3817035354437186, 2),
(837, 'A_LocatedArea', 'fSs0EdKmLJ7VULejtsi9CQ', 2.902, 1),
(838, 'Offers', 'fSs0EdKmLJ7VULejtsi9CQ', 1.902, 1),
(839, 'S_OpenHours', 'fSs0EdKmLJ7VULejtsi9CQ', 3.3817035354437186, 2),
(840, 'Ambience', 'fSs0EdKmLJ7VULejtsi9CQ', 3.099416522936422, 4),
(841, 'O_Payment', 'fSs0EdKmLJ7VULejtsi9CQ', 1.902, 1),
(842, 'Restaurant', 'BqrTtox0JbG-P_DKBB5bBw', 2.2135929607237155, 160),
(843, 'W_Price', 'BqrTtox0JbG-P_DKBB5bBw', 2.9551737871691466, 17),
(844, 'Food', 'BqrTtox0JbG-P_DKBB5bBw', 2.278301703321137, 126),
(845, 'S_Staff', 'BqrTtox0JbG-P_DKBB5bBw', 1.9792830273731474, 133),
(846, 'S_Stf_Behavior', 'BqrTtox0JbG-P_DKBB5bBw', 2.6567875330298776, 18),
(847, 'O_Experience', 'BqrTtox0JbG-P_DKBB5bBw', 2.2378848920249785, 59),
(848, 'F_FI_Size', 'BqrTtox0JbG-P_DKBB5bBw', 2.9443155813216926, 25),
(849, 'F_FoodItem', 'BqrTtox0JbG-P_DKBB5bBw', 1.251617065788942, 644),
(850, 'Service', 'BqrTtox0JbG-P_DKBB5bBw', 2.791691221247439, 52),
(851, 'F_FI_Taste', 'BqrTtox0JbG-P_DKBB5bBw', 2.6713594781035455, 97),
(852, 'F_Drinks', 'BqrTtox0JbG-P_DKBB5bBw', 2.362409957305914, 139),
(853, 'S_Menu', 'BqrTtox0JbG-P_DKBB5bBw', 2.40059878585353, 44),
(854, 'F_Dessert', 'BqrTtox0JbG-P_DKBB5bBw', 2.7678986441409896, 18),
(855, 'S_Del_Time', 'BqrTtox0JbG-P_DKBB5bBw', 2.1989013406770845, 89),
(856, 'A_LocatedArea', 'BqrTtox0JbG-P_DKBB5bBw', 2.349416522936422, 4),
(857, 'A_Places', 'BqrTtox0JbG-P_DKBB5bBw', 2.8444664625011398, 12),
(858, 'A_Entertainment', 'BqrTtox0JbG-P_DKBB5bBw', 2.349416522936422, 4),
(859, 'S_Stf_Experience', 'BqrTtox0JbG-P_DKBB5bBw', 2.8645553639152292, 3),
(860, 'S_Delivery', 'BqrTtox0JbG-P_DKBB5bBw', 2.3394056495531905, 83),
(861, 'F_FI_Healthy', 'BqrTtox0JbG-P_DKBB5bBw', 2.0944664625011393, 12),
(862, 'F_Ingredients', 'BqrTtox0JbG-P_DKBB5bBw', 2.319238135806436, 70),
(863, 'A_Fur_Table', 'BqrTtox0JbG-P_DKBB5bBw', 2.577191208601577, 35),
(864, 'A_Plc_Bar', 'BqrTtox0JbG-P_DKBB5bBw', 2.743826507222454, 14),
(865, 'Worthiness', 'BqrTtox0JbG-P_DKBB5bBw', 3.5312220305818958, 3),
(866, 'F_Appetizer', 'BqrTtox0JbG-P_DKBB5bBw', 2.399309835381564, 45),
(867, 'F_FI_CookingLevel', 'BqrTtox0JbG-P_DKBB5bBw', 2.5501011365924513, 41),
(868, 'A_Plc_DiningRoom', 'BqrTtox0JbG-P_DKBB5bBw', 2.8817035354437186, 2),
(869, 'F_FI_Quality', 'BqrTtox0JbG-P_DKBB5bBw', 3.239885400953376, 7),
(870, 'O_Exp_StarsByCus', 'BqrTtox0JbG-P_DKBB5bBw', 2.598481040386015, 13),
(871, 'F_FI_Price', 'BqrTtox0JbG-P_DKBB5bBw', 2.800251493556063, 8),
(872, 'F_FI_Religious', 'BqrTtox0JbG-P_DKBB5bBw', 3.1978886972485623, 3),
(873, 'A_Environment', 'BqrTtox0JbG-P_DKBB5bBw', 2.900890216494278, 9),
(874, 'O_Payment', 'BqrTtox0JbG-P_DKBB5bBw', 2.5312220305818958, 3),
(875, 'O_Pay_Price', 'BqrTtox0JbG-P_DKBB5bBw', 2.902, 1),
(876, 'S_OpenHours', 'BqrTtox0JbG-P_DKBB5bBw', 2.4357062859901415, 5),
(877, 'S_Del_OrderingMethod', 'BqrTtox0JbG-P_DKBB5bBw', 2.3817035354437186, 2),
(878, 'A_Decor', 'BqrTtox0JbG-P_DKBB5bBw', 3.060019501924477, 13),
(879, 'Offers', 'BqrTtox0JbG-P_DKBB5bBw', 1.902, 1),
(880, 'Ambience', 'BqrTtox0JbG-P_DKBB5bBw', 3.0357062859901416, 5),
(881, 'A_Env_Type', 'BqrTtox0JbG-P_DKBB5bBw', 1.8817035354437184, 2),
(882, 'A_Furniture', 'BqrTtox0JbG-P_DKBB5bBw', 3.902, 1),
(883, 'S_Cutlery', 'BqrTtox0JbG-P_DKBB5bBw', 2.2357062859901418, 5),
(884, 'A_Ent_Music', 'BqrTtox0JbG-P_DKBB5bBw', 2.811313972381947, 7),
(885, 'O_Reservation', 'BqrTtox0JbG-P_DKBB5bBw', 2.1798108737752, 10),
(886, 'A_Plc_Kitchen', 'BqrTtox0JbG-P_DKBB5bBw', 1.8817035354437184, 2),
(887, 'A_OutsideView', 'BqrTtox0JbG-P_DKBB5bBw', 2.1978886972485623, 3),
(888, 'S_Parking', 'BqrTtox0JbG-P_DKBB5bBw', 1.902, 1),
(889, 'F_FoodItem', 'zt1TpTuJ6y9n551sw9TaEg', 0.6165159526151371, 1059),
(890, 'Food', 'zt1TpTuJ6y9n551sw9TaEg', 0.9670995355202872, 910),
(891, 'Restaurant', 'zt1TpTuJ6y9n551sw9TaEg', 1.7288350721967336, 345),
(892, 'F_Ingredients', 'zt1TpTuJ6y9n551sw9TaEg', 2.025566922537168, 132),
(893, 'A_Places', 'zt1TpTuJ6y9n551sw9TaEg', 2.484875527257045, 46),
(894, 'O_Experience', 'zt1TpTuJ6y9n551sw9TaEg', 2.5015481517577145, 98),
(895, 'A_Plc_DiningRoom', 'zt1TpTuJ6y9n551sw9TaEg', 2.4446348865398626, 13),
(896, 'F_Dessert', 'zt1TpTuJ6y9n551sw9TaEg', 2.216989787883114, 152),
(897, 'F_Drinks', 'zt1TpTuJ6y9n551sw9TaEg', 2.20119701177995, 110),
(898, 'A_Fur_Table', 'zt1TpTuJ6y9n551sw9TaEg', 2.487039115210644, 56),
(899, 'S_Staff', 'zt1TpTuJ6y9n551sw9TaEg', 1.757146768263976, 299),
(900, 'S_Cutlery', 'zt1TpTuJ6y9n551sw9TaEg', 2.1876105637946157, 77),
(901, 'S_Del_Time', 'zt1TpTuJ6y9n551sw9TaEg', 2.094656848339791, 96),
(902, 'W_Price', 'zt1TpTuJ6y9n551sw9TaEg', 2.968780604035347, 44),
(903, 'O_Exp_StarsByCus', 'zt1TpTuJ6y9n551sw9TaEg', 2.4338627056287363, 30),
(904, 'F_FI_Taste', 'zt1TpTuJ6y9n551sw9TaEg', 2.442844662854218, 142),
(905, 'A_Plc_Bar', 'zt1TpTuJ6y9n551sw9TaEg', 2.464160827052909, 34),
(906, 'S_Del_OrderingMethod', 'zt1TpTuJ6y9n551sw9TaEg', 2.2839475525300434, 19),
(907, 'F_FI_Price', 'zt1TpTuJ6y9n551sw9TaEg', 2.598481040386016, 13),
(908, 'A_Decor', 'zt1TpTuJ6y9n551sw9TaEg', 2.769613331714403, 41),
(909, 'O_Reservation', 'zt1TpTuJ6y9n551sw9TaEg', 2.3817035354437186, 2),
(910, 'Service', 'zt1TpTuJ6y9n551sw9TaEg', 2.5870142039309956, 73),
(911, 'S_Menu', 'zt1TpTuJ6y9n551sw9TaEg', 2.576324829496359, 56),
(912, 'F_FI_CookingLevel', 'zt1TpTuJ6y9n551sw9TaEg', 2.5707810094902475, 29),
(913, 'S_Stf_Behavior', 'zt1TpTuJ6y9n551sw9TaEg', 3.2749082278142043, 22),
(914, 'Offers', 'zt1TpTuJ6y9n551sw9TaEg', 3.8817035354437186, 2),
(915, 'F_FI_Quality', 'zt1TpTuJ6y9n551sw9TaEg', 2.862601146661587, 49),
(916, 'A_Entertainment', 'zt1TpTuJ6y9n551sw9TaEg', 2.3866836500795965, 14),
(917, 'F_FI_Healthy', 'zt1TpTuJ6y9n551sw9TaEg', 3.0139973165809115, 17),
(918, 'S_Stf_Availability', 'zt1TpTuJ6y9n551sw9TaEg', 1.902, 1),
(919, 'A_Plc_Kitchen', 'zt1TpTuJ6y9n551sw9TaEg', 2.3817035354437186, 2),
(920, 'Ambience', 'zt1TpTuJ6y9n551sw9TaEg', 3.0944664625011398, 12),
(921, 'F_FI_Size', 'zt1TpTuJ6y9n551sw9TaEg', 2.6424597105472363, 38),
(922, 'A_Env_Type', 'zt1TpTuJ6y9n551sw9TaEg', 2.3827425438105183, 7),
(923, 'A_LocatedArea', 'zt1TpTuJ6y9n551sw9TaEg', 2.5884617734815616, 11),
(924, 'O_Payment', 'zt1TpTuJ6y9n551sw9TaEg', 2.5456764219187678, 18),
(925, 'S_Stf_Experience', 'zt1TpTuJ6y9n551sw9TaEg', 2.902, 1),
(926, 'F_Appetizer', 'zt1TpTuJ6y9n551sw9TaEg', 2.3729560662012115, 23),
(927, 'S_Delivery', 'zt1TpTuJ6y9n551sw9TaEg', 2.5215579634629393, 13),
(928, 'A_Plc_RestRoom', 'zt1TpTuJ6y9n551sw9TaEg', 2.902, 1),
(929, 'A_Plc_Bathroom', 'zt1TpTuJ6y9n551sw9TaEg', 2.902, 1),
(930, 'S_OpenHours', 'zt1TpTuJ6y9n551sw9TaEg', 2.3798108737752, 10),
(931, 'F_FI_Religious', 'zt1TpTuJ6y9n551sw9TaEg', 2.4357062859901415, 5),
(932, 'Worthiness', 'zt1TpTuJ6y9n551sw9TaEg', 3.349416522936422, 4),
(933, 'A_Environment', 'zt1TpTuJ6y9n551sw9TaEg', 3.849416522936422, 4),
(934, 'S_Parking', 'zt1TpTuJ6y9n551sw9TaEg', 3.902, 1),
(935, 'O_Pay_Price', 'zt1TpTuJ6y9n551sw9TaEg', 2.8817035354437186, 2),
(936, 'A_OutsideView', 'zt1TpTuJ6y9n551sw9TaEg', 3.902, 1),
(937, 'A_Ent_Music', 'zt1TpTuJ6y9n551sw9TaEg', 1.902, 1),
(938, 'Food', 'eq6lQI039SBLC6sHm3idGA', 2.6026261708241263, 16),
(939, 'S_Menu', 'eq6lQI039SBLC6sHm3idGA', 2.599416522936422, 4),
(940, 'F_FoodItem', 'eq6lQI039SBLC6sHm3idGA', 1.846723820943037, 265),
(941, 'F_Ingredients', 'eq6lQI039SBLC6sHm3idGA', 2.5479829407797716, 21),
(942, 'S_Del_Time', 'eq6lQI039SBLC6sHm3idGA', 2.350380341695978, 36),
(943, 'F_FI_Size', 'eq6lQI039SBLC6sHm3idGA', 2.9252514935560625, 8),
(944, 'O_Experience', 'eq6lQI039SBLC6sHm3idGA', 3.1798108737752, 10),
(945, 'W_Price', 'eq6lQI039SBLC6sHm3idGA', 3.4798108737752, 10),
(946, 'F_Drinks', 'eq6lQI039SBLC6sHm3idGA', 2.1990430227229494, 23),
(947, 'A_LocatedArea', 'eq6lQI039SBLC6sHm3idGA', 2.425251493556062, 8),
(948, 'F_FI_Taste', 'eq6lQI039SBLC6sHm3idGA', 3.267898644140989, 18),
(949, 'S_Staff', 'eq6lQI039SBLC6sHm3idGA', 2.493572591758792, 34),
(950, 'F_FI_Quality', 'eq6lQI039SBLC6sHm3idGA', 3.2398854009533755, 7),
(951, 'O_Payment', 'eq6lQI039SBLC6sHm3idGA', 2.8645553639152292, 3),
(952, 'Restaurant', 'eq6lQI039SBLC6sHm3idGA', 2.3141050683936224, 92),
(953, 'A_Places', 'eq6lQI039SBLC6sHm3idGA', 2.6022326106985587, 17),
(954, 'A_Fur_Table', 'eq6lQI039SBLC6sHm3idGA', 2.6026261708241267, 16),
(955, 'S_Delivery', 'eq6lQI039SBLC6sHm3idGA', 2.719879669522089, 17),
(956, 'A_OutsideView', 'eq6lQI039SBLC6sHm3idGA', 3.0357062859901416, 5),
(957, 'A_Decor', 'eq6lQI039SBLC6sHm3idGA', 2.5675568831609445, 9),
(958, 'F_Appetizer', 'eq6lQI039SBLC6sHm3idGA', 2.099416522936422, 4),
(959, 'A_Entertainment', 'eq6lQI039SBLC6sHm3idGA', 2.1651261708241263, 16),
(960, 'A_Plc_DiningRoom', 'eq6lQI039SBLC6sHm3idGA', 2.849416522936422, 4),
(961, 'F_FI_CookingLevel', 'eq6lQI039SBLC6sHm3idGA', 2.4897469058596595, 6),
(962, 'S_OpenHours', 'eq6lQI039SBLC6sHm3idGA', 2.4357062859901415, 5),
(963, 'A_Env_Size', 'eq6lQI039SBLC6sHm3idGA', 2.3817035354437186, 2),
(964, 'F_FI_Price', 'eq6lQI039SBLC6sHm3idGA', 3.2357062859901418, 5),
(965, 'A_Furniture', 'eq6lQI039SBLC6sHm3idGA', 2.902, 1),
(966, 'Ambience', 'eq6lQI039SBLC6sHm3idGA', 2.3817035354437186, 2),
(967, 'Service', 'eq6lQI039SBLC6sHm3idGA', 3.4357062859901415, 5),
(968, 'A_Ent_Tv', 'eq6lQI039SBLC6sHm3idGA', 1.902, 1),
(969, 'F_Dessert', 'eq6lQI039SBLC6sHm3idGA', 3.349416522936422, 4),
(970, 'S_Stf_Behavior', 'eq6lQI039SBLC6sHm3idGA', 3.8817035354437186, 2),
(971, 'F_FI_Healthy', 'eq6lQI039SBLC6sHm3idGA', 2.8817035354437186, 2),
(972, 'O_Exp_StarsByCus', 'eq6lQI039SBLC6sHm3idGA', 3.1978886972485623, 3),
(973, 'A_Ent_Music', 'eq6lQI039SBLC6sHm3idGA', 2.902, 1),
(974, 'S_Cutlery', 'eq6lQI039SBLC6sHm3idGA', 3.902, 1),
(975, 'S_Del_OrderingMethod', 'eq6lQI039SBLC6sHm3idGA', 1.9541711152390895, 7),
(976, 'Worthiness', 'eq6lQI039SBLC6sHm3idGA', 1.902, 1);

-- --------------------------------------------------------

--
-- Table structure for table `weights`
--

CREATE TABLE IF NOT EXISTS `weights` (
  `aspect` varchar(100) NOT NULL,
  `level` int(11) NOT NULL,
  `parentAspect` varchar(45) DEFAULT NULL,
  `weight` double DEFAULT NULL
) ENGINE=InnoDB DEFAULT CHARSET=latin1;

--
-- Dumping data for table `weights`
--

INSERT INTO `weights` (`aspect`, `level`, `parentAspect`, `weight`) VALUES
('Ambience', 0, 'Restaurant', 0.0886),
('Ambience', 1, 'Ambience', 0.0608),
('A_Decor', 1, 'Ambience', 0.0944),
('A_Entertainment', 1, 'Ambience', 0.1568),
('A_Entertainment', 2, 'A_Entertainment', 0.4902),
('A_Ent_LiveShow', 2, 'A_Entertainment', 0.0458),
('A_Ent_Music', 2, 'A_Entertainment', 0.3203),
('A_Ent_Tv', 2, 'A_Entertainment', 0.1438),
('A_Environment', 1, 'Ambience', 0.1568),
('A_Environment', 2, 'A_Environment', 0.6312),
('A_Env_AC', 2, 'O_Reservation', 0.1237),
('A_Env_Size', 2, 'O_Reservation', 0.0825),
('A_Env_Type', 2, 'O_Reservation', 0.3299),
('A_Furniture', 1, 'Ambience', 0.1989),
('A_Furniture', 2, 'A_Furniture', 0.1206),
('A_Fur_Door', 2, 'A_Furniture', 0.0134),
('A_Fur_Table', 2, 'A_Furniture', 0.866),
('A_LocatedArea', 1, 'Ambience', 0.0763),
('A_LocatedArea', 2, 'A_LocatedArea', 0.7448),
('A_OutsideView', 1, 'Ambience', 0.0448),
('A_Places', 1, 'Ambience', 0.2112),
('A_Places', 2, 'A_Places', 0.298),
('A_Plc_Bar', 2, 'A_Places', 0.3965),
('A_Plc_Bathroom', 2, 'A_Places', 0.0278),
('A_Plc_DiningRoom', 2, 'A_Places', 0.0707),
('A_Plc_Kitchen', 2, 'A_Places', 0.0808),
('A_Plc_Patio', 2, 'A_Places', 0.1061),
('A_Plc_RestRoom', 2, 'A_Places', 0.0177),
('A_Plc_SmokingArea', 2, 'A_Places', 0.0025),
('Food', 0, 'Restaurant', 0.5515),
('Food', 1, 'Food', 0.192),
('F_Appetizer', 1, 'Food', 0.0266),
('F_Dessert', 1, 'Food', 0.0873),
('F_Drinks', 1, 'Food', 0.0873),
('F_FI_CookingLevel', 2, 'F_FoodItem', 0.0335),
('F_FI_Healthy', 2, 'F_FoodItem', 0.003),
('F_FI_Price', 2, 'F_FoodItem', 0.0297),
('F_FI_Quality', 2, 'F_FoodItem', 0.0269),
('F_FI_Religious', 2, 'F_FoodItem', 0.0092),
('F_FI_Size', 2, 'F_FoodItem', 0.0211),
('F_FI_Taste', 2, 'F_FoodItem', 0.057),
('F_FoodItem', 1, 'Food', 0.5219),
('F_FoodItem', 2, 'F_FoodItem', 0.8197),
('F_Ingredients', 1, 'Food', 0.0849),
('Offers', 0, 'Restaurant', 0.0321),
('Offers', 1, 'Offers', 0.1133),
('O_Experience', 1, 'Offers', 0.4299),
('O_Experience', 2, 'O_Experience', 0.5126),
('O_Exp_StarsByCus', 2, 'O_Experience', 0.4874),
('O_Payment', 1, 'Offers', 0.3741),
('O_Payment', 2, 'O_Payment', 0.6377),
('O_Pay_Method', 2, 'O_Payment', 0.029),
('O_Pay_Price', 2, 'O_Payment', 0.3333),
('O_Reservation', 1, 'Offers', 0.0827),
('O_Reservation', 2, 'O_Reservation', 0.4639),
('Restaurant', 0, 'Restaurant', 0.1524),
('Service', 0, 'Restaurant', 0.1661),
('Service', 1, 'Service', 0.131),
('S_Accessibility', 1, 'Service', 0.0003),
('S_Cutlery', 1, 'Service', 0.0313),
('S_Delivery', 1, 'Service', 0.2091),
('S_Delivery', 2, 'S_Delivery', 0.5898),
('S_Del_OrderingMethod', 2, 'S_Delivery', 0.0339),
('S_Del_Time', 2, 'S_Delivery', 0.3763),
('S_Gift', 1, 'Service', 0.0019),
('S_Menu', 1, 'Service', 0.0781),
('S_OpenHours', 1, 'Service', 0.012),
('S_Parking', 1, 'Service', 0.0049),
('S_Seating', 1, 'Service', 0.2655),
('S_Staff', 1, 'Service', 0.2655),
('S_Staff', 2, 'S_Staff', 0.9495),
('S_Stf_Appearance', 2, 'S_Staff', 0.0021),
('S_Stf_Availability', 2, 'S_Staff', 0.001),
('S_Stf_Behavior', 2, 'S_Staff', 0.0464),
('S_Stf_Experience', 2, 'S_Staff', 0.001),
('S_Wifi', 1, 'Service', 0.0005),
('Worthiness', 0, 'Restaurant', 0.0093),
('Worthiness', 1, 'Worthiness', 0.1419),
('W_Price', 1, 'Worthiness', 0.7935),
('W_Waiting', 1, 'Worthiness', 0.0645);

--
-- Indexes for dumped tables
--

--
-- Indexes for table `aspect`
--
ALTER TABLE `aspect`
 ADD PRIMARY KEY (`aspect_tag`), ADD KEY `aspect_name` (`aspect_name`), ADD KEY `aspect_id` (`aspect_id`);

--
-- Indexes for table `business`
--
ALTER TABLE `business`
 ADD PRIMARY KEY (`business_id`);

--
-- Indexes for table `composite_score`
--
ALTER TABLE `composite_score`
 ADD PRIMARY KEY (`business_id`,`aspect_id`), ADD KEY `fk_composite_score_2_idx` (`aspect_id`);

--
-- Indexes for table `ratings`
--
ALTER TABLE `ratings`
 ADD PRIMARY KEY (`rating_id`), ADD KEY `restaurant_id` (`restaurant_id`), ADD KEY `aspect_tag` (`aspect_tag`);

--
-- Indexes for table `weights`
--
ALTER TABLE `weights`
 ADD PRIMARY KEY (`aspect`,`level`);

--
-- AUTO_INCREMENT for dumped tables
--

--
-- AUTO_INCREMENT for table `ratings`
--
ALTER TABLE `ratings`
MODIFY `rating_id` int(11) NOT NULL AUTO_INCREMENT,AUTO_INCREMENT=977;
--
-- Constraints for dumped tables
--

--
-- Constraints for table `composite_score`
--
ALTER TABLE `composite_score`
ADD CONSTRAINT `fk_composite_score_1` FOREIGN KEY (`business_id`) REFERENCES `business` (`business_id`) ON DELETE NO ACTION ON UPDATE NO ACTION,
ADD CONSTRAINT `fk_composite_score_2` FOREIGN KEY (`aspect_id`) REFERENCES `aspect` (`aspect_id`) ON DELETE NO ACTION ON UPDATE NO ACTION;

--
-- Constraints for table `ratings`
--
ALTER TABLE `ratings`
ADD CONSTRAINT `ratings_ibfk_1` FOREIGN KEY (`restaurant_id`) REFERENCES `business` (`business_id`) ON DELETE NO ACTION ON UPDATE NO ACTION,
ADD CONSTRAINT `ratings_ibfk_2` FOREIGN KEY (`aspect_tag`) REFERENCES `aspect` (`aspect_tag`) ON DELETE NO ACTION ON UPDATE NO ACTION;

/*!40101 SET CHARACTER_SET_CLIENT=@OLD_CHARACTER_SET_CLIENT */;
/*!40101 SET CHARACTER_SET_RESULTS=@OLD_CHARACTER_SET_RESULTS */;
/*!40101 SET COLLATION_CONNECTION=@OLD_COLLATION_CONNECTION */;
